1025,  老狼,1284.000,  0.050
682,Anti-General,1236.683,  0.048
1082,    Killazer, 848.333,  0.033
509,方大同, 629.500,  0.024
 35, BlurryCloud, 604.000,  0.023
 84,王贰浪, 503.500,  0.019
945,  RCKY, 414.667,  0.016
1016,     PIKLANS, 361.850,  0.014
394,买辣椒也用券, 349.000,  0.014
211,    丽江小倩, 322.500,  0.012
 76,    AngryJaR, 314.517,  0.012
950,茶季杨, 285.500,  0.011
1260,坡上村, 272.000,  0.011
1459,孟庭苇, 218.000,  0.008
1273,  七手, 207.000,  0.008
864,焦迈奇, 197.000,  0.008
453,     EDMarco, 193.883,  0.008
773,    初夏小溪, 192.000,  0.007
971,   Tacke竹桑, 190.000,  0.007
690,   李迦南Doc, 190.000,  0.007
1487,    AY楊佬叁, 187.000,  0.007
1401,     卡修Rui, 186.000,  0.007
  7,    传琦SAMA, 163.000,  0.006
358,    Marycobi, 148.000,  0.006
1460,大龙小龙DLXL, 141.000,  0.005
924,  曾楠, 124.000,  0.005
998,    白天不亮, 118.000,  0.005
573,     J-Sleeper性感的拖鞋, 114.000,  0.004
922,    CNBALLER, 106.000,  0.004
932,姚贝娜, 103.000,  0.004
362,毛不易, 103.000,  0.004
1379,冯佳界, 100.500,  0.004
1416,    茶小姐和熊先生,  99.000,  0.004
940,     Aki阿杰,  96.000,  0.004
1500,     ARSANAL,  90.533,  0.004
1280,杨炅翰,  85.000,  0.003
234,    Yoken_Official,  84.000,  0.003
833,    Akie秋绘,  76.000,  0.003
421,徐大乐,  75.500,  0.003
1074,  守麦,  69.000,  0.003
1146,  FyBe,  68.000,  0.003
341, Arcticloudz,  64.000,  0.002
550,麦子杰,  64.000,  0.002
1477,  彭青,  60.500,  0.002
279,   LuckyMaxx,  59.667,  0.002
178,GC国丞,  59.000,  0.002
143,  烈雨,  50.000,  0.002
900,    积木立方,  49.000,  0.002
1129,     GumJ-鸡蛋先生,  48.000,  0.002
960,王铮亮,  35.000,  0.001
921,陆本平,  33.000,  0.001
345,李惠芹,  32.000,  0.001
462,  流浪的蛙蛙,  32.000,  0.001
1248,廖效浓,  30.000,  0.001
1215,     西瓜JUN,  28.000,  0.001
707,    Ferrison,  28.000,  0.001
 43,  晴愔,  28.000,  0.001
1414,     AThree-Arslan,  28.000,  0.001
 71,  昙骨,  27.000,  0.001
1027,  SixPoorGuy,  26.750,  0.001
267,吕大叶,  24.000,  0.001
121,  哦漏,  24.000,  0.001
255,    KingStar,  24.000,  0.001
1498,MusikM,  22.500,  0.001
388,陈致逸,  20.000,  0.001
625,  与非门乐队,  20.000,  0.001
568,  曹槽,  19.000,  0.001
231,金玟岐,  18.500,  0.001
685,    Namunong,  18.000,  0.001
953,  白噪音乐队,  17.000,  0.001
884,  傅酥,  17.000,  0.001
885,知性的小方块,  17.000,  0.001
705,  阿良良木健,  16.000,  0.001
1315,  YEHAIYAHAN,  15.000,  0.001
681, ETAGI,  15.000,  0.001
839,  丁炜,  15.000,  0.001
457,   MC-,  13.000,  0.001
616,     Winky诗,  13.000,  0.001
912,     BeeXXXX,  12.000,  0.000
194,   JAEFOREAL,  12.000,  0.000
1042,    布衣乐队,  11.500,  0.000
1076,年姐儿,  11.000,  0.000
569,     HAO付豪,  11.000,  0.000
413,    音阙诗听,  11.000,  0.000
585,  青春老少年,  10.000,  0.000
 70,少年霜,  10.000,  0.000
895,    ChenDjoy,  10.000,  0.000
1579,  陆虎,   9.000,  0.000
938,     Assen捷,   9.000,  0.000
253,林斜阳,   9.000,  0.000
873,Nellee,   8.167,  0.000
633,黄雨篱,   8.000,  0.000
1032,六甲番,   8.000,  0.000
1384,  潘辰,   8.000,  0.000
233,    冰块先生,   8.000,  0.000
1087,陈硕子,   8.000,  0.000
464,     龚子婕JessieG,   8.000,  0.000
801,DjCore,   8.000,  0.000
1268,王宇良,   7.000,  0.000
335,雪无影,   7.000,  0.000
1224, CloudINJoke,   6.950,  0.000
1339,  赵传,   6.500,  0.000
196,魏雪漫,   6.000,  0.000
106,  变奏的梦想,   6.000,  0.000
908,     DeeShne,   6.000,  0.000
1202,黄小琥,   6.000,  0.000
1479,  弦子,   6.000,  0.000
583,  可歆,   5.000,  0.000
340,    Nyaameow,   4.000,  0.000
1217,大张伟,   4.000,  0.000
917,Mllano,   4.000,  0.000
1342,  阿颖不说话,   4.000,  0.000
1123,NaCl盐,   4.000,  0.000
907, Shahimerdan麦尔丹,   4.000,  0.000
 13,徐云霄,   4.000,  0.000
1596,  许飞,   3.000,  0.000
 31,Shawee,   3.000,  0.000
1026,姜贰拾,   3.000,  0.000
238,  Rita黄汐源,   3.000,  0.000
1308,翁大涵,   2.000,  0.000
216,Nona_Q,   2.000,  0.000
1469,权振东,   2.000,  0.000
878,拖鞋pd,   2.000,  0.000
264,苟瀚中,   2.000,  0.000
129,     AbdurusulObul,   2.000,  0.000
563,    兰芽yaya,   2.000,  0.000
153,鲁向卉,   2.000,  0.000
1069,丁芙妮,   2.000,  0.000
1589,廖佳琳,   2.000,  0.000
794,   impossibleChuck,   2.000,  0.000
1397,刘增瞳,   2.000,  0.000
320,谷柏杉,   1.500,  0.000
661,萨顶顶,   1.500,  0.000
364,  王一鸣Iris,   1.000,  0.000
259,陶峻汐,   1.000,  0.000
675,瓶中怪,   1.000,  0.000
613,庙乐队,   1.000,  0.000
549,蒋瑶佳,   1.000,  0.000
697,曾一鸣,   1.000,  0.000
1546,丁少华,   1.000,  0.000
1573,畸形儿-DeformedBoi,   1.000,  0.000
103,任舒瞳,   1.000,  0.000
1556,    警哥组合,   1.000,  0.000
370,  Ramila_Rozimamat,   1.000,  0.000
702,满文军,   0.500,  0.000
738,康智炜,   0.500,  0.000
108,赖伟锋,   0.500,  0.000
 26,王呈章,   0.000,  0.000
115,牛奶味夹心阿尔卑斯,   0.000,  0.000
100,   LostFrequencies,   0.000,  0.000
  1,  羽肿,   0.000,  0.000
127,谢路昊,   0.000,  0.000
 16,  马戏团小丑,   0.000,  0.000
 24,     TooHigh,   0.000,  0.000
101,茶理理,   0.000,  0.000
 65,    Gameface,   0.000,  0.000
 39,  人行道乐队,   0.000,  0.000
125, Awich,   0.000,  0.000
 25,    嘿！！！,   0.000,  0.000
 48,  EDEN,   0.000,  0.000
 49,颜小健,   0.000,  0.000
  2,  郭顶,   0.000,  0.000
151,林宥嘉,   0.000,  0.000
 90,GumNam,   0.000,  0.000
165,     小艾EYE,   0.000,  0.000
130,  鲸鱼岛乐队,   0.000,  0.000
 86, RAiNBOW计划,   0.000,  0.000
126,  贰佰,   0.000,  0.000
 57,    Borgeous,   0.000,  0.000
152,    莫西子诗,   0.000,  0.000
 34,    ETC!ETC!,   0.000,  0.000
160,  阿杜,   0.000,  0.000
 23,上海交响乐团,   0.000,  0.000
 50,    山竹妹汁,   0.000,  0.000
 75,  霍尊,   0.000,  0.000
 14,  蜡笔大Boom,   0.000,  0.000
177,聚来提,   0.000,  0.000
116,    小旭音乐,   0.000,  0.000
  5,  Gary,   0.000,  0.000
174,     莫安琪AngelMo,   0.000,  0.000
  6,茄子蛋,   0.000,  0.000
176,魏小也,   0.000,  0.000
158,PEATLE,   0.000,  0.000
 47, renyi,   0.000,  0.000
 85,夏璃夜,   0.000,  0.000
186,  灰色,   0.000,  0.000
 12,    DJ,   0.000,  0.000
 88, MyTaN,   0.000,  0.000
 89,    R.,   0.000,  0.000
190,    澄海伯伯,   0.000,  0.000
 41,Zhouna,   0.000,  0.000
180,    Ofenbach,   0.000,  0.000
 68,刘珂矣,   0.000,  0.000
132,    德勒闹吾,   0.000,  0.000
 45,   HAS,   0.000,  0.000
184,    废墟乐队,   0.000,  0.000
 97,  张童,   0.000,  0.000
 98,  电鸟个灯泡,   0.000,  0.000
199,     ShahMat,   0.000,  0.000
200,  马潇,   0.000,  0.000
201,郭思达,   0.000,  0.000
202,    新乐尘符,   0.000,  0.000
 28,  玄觞,   0.000,  0.000
154,    eddy盖奶,   0.000,  0.000
105,    DJ,   0.000,  0.000
 56,  阿兰,   0.000,  0.000
207,   ABSDJHONG,   0.000,  0.000
  8,  吾恩,   0.000,  0.000
 59,  王麟,   0.000,  0.000
110,  颜妹,   0.000,  0.000
111,徐真真,   0.000,  0.000
112,  马頔,   0.000,  0.000
 38,赵大格,   0.000,  0.000
114,    Zaliva-D,   0.000,  0.000
215,薄云天,   0.000,  0.000
 15,胡艾彤,   0.000,  0.000
 17,  Thud,   0.000,  0.000
218,  杨烁,   0.000,  0.000
 44,Mavericks_Official,   0.000,  0.000
145,啤酒车,   0.000,  0.000
 46,    Krewella,   0.000,  0.000
122,  黑峰,   0.000,  0.000
123,  兔裹煎蛋卷,   0.000,  0.000
224,    雲道娱乐,   0.000,  0.000
225,  RANA.Queen,   0.000,  0.000
226,  梦灵,   0.000,  0.000
227,    逃跑计划,   0.000,  0.000
 27,江南诚,   0.000,  0.000
  4,ゆう十,   0.000,  0.000
230,  胡灵,   0.000,  0.000
206,钟立风,   0.000,  0.000
232,蒋大为,   0.000,  0.000
 32,     abduwalitohti,   0.000,  0.000
 33,藤乐队,   0.000,  0.000
185,月代彩,   0.000,  0.000
 36,     SaMZIng,   0.000,  0.000
137,   ambernini,   0.000,  0.000
188,芮甜甜,   0.000,  0.000
239,张信哲,   0.000,  0.000
 40,  程璧,   0.000,  0.000
241,复乐班,   0.000,  0.000
142,Aosaki,   0.000,  0.000
243,Shaggy,   0.000,  0.000
244, Calculasian,   0.000,  0.000
245,王广允,   0.000,  0.000
246, AkaneXIii茜,   0.000,  0.000
247, CasinoDemon,   0.000,  0.000
248,  秦岚,   0.000,  0.000
249, VOGUE,   0.000,  0.000
150, V.K克,   0.000,  0.000
251,箱子君,   0.000,  0.000
252,  高铭,   0.000,  0.000
  3, D-Lay,   0.000,  0.000
 53,    「么凹」,   0.000,  0.000
155,董雪婷,   0.000,  0.000
256,高晨薇,   0.000,  0.000
257,土不叔叔乐队,   0.000,  0.000
258,   FarEastMovement,   0.000,  0.000
159,    大坏兔子,   0.000,  0.000
260,    秋火林荫,   0.000,  0.000
 61,     Kit.Tam,   0.000,  0.000
162,  炸炸,   0.000,  0.000
138,JINDJs,   0.000,  0.000
164,Tujamo,   0.000,  0.000
 64,  贰贝勒·木森(J-Forest),   0.000,  0.000
266,    泥鳅Niko,   0.000,  0.000
217,段丽阳,   0.000,  0.000
168,    Tritonal,   0.000,  0.000
269,    Polymath,   0.000,  0.000
220,黄榕生,   0.000,  0.000
 20,尧十三,   0.000,  0.000
 21,董子健,   0.000,  0.000
 73,    潜水大象,   0.000,  0.000
274,     LOKEY低调组合,   0.000,  0.000
175,     DillonFrancis,   0.000,  0.000
276,  Tonino祖力,   0.000,  0.000
277, Katana_real,   0.000,  0.000
 77,EdJean,   0.000,  0.000
229,   Habstrakt,   0.000,  0.000
 79,RacoonRacoon,   0.000,  0.000
131,何大河,   0.000,  0.000
282, uncle,   0.000,  0.000
 83,    零点乐队,   0.000,  0.000
284,    OmenXIII,   0.000,  0.000
285,  Candy_Wind,   0.000,  0.000
286,   Cilantro_killer,   0.000,  0.000
287,Nootag,   0.000,  0.000
 87,Anchoe,   0.000,  0.000
289,  唐音工作室,   0.000,  0.000
290,可乐就是力量,   0.000,  0.000
291,  UmmetOzcan,   0.000,  0.000
 92,     Ace组合,   0.000,  0.000
293,    炁体源流,   0.000,  0.000
 93,王童语,   0.000,  0.000
 95,  旦旦,   0.000,  0.000
296,  姚雪,   0.000,  0.000
297,  芳蓉,   0.000,  0.000
298,范忆堂,   0.000,  0.000
299,    eigenTunes亦听,   0.000,  0.000
 99,苗小青,   0.000,  0.000
301,邱胜翊,   0.000,  0.000
302,安悦溪,   0.000,  0.000
203,  阿森,   0.000,  0.000
204,    熊熊作业,   0.000,  0.000
205,  网易CC直播,   0.000,  0.000
306,依兴驰,   0.000,  0.000
307,彭家熙,   0.000,  0.000
308,SimorE,   0.000,  0.000
209,    Controls,   0.000,  0.000
310,何艺纱,   0.000,  0.000
311,    拜合提亚bahtiyaraziz,   0.000,  0.000
312,BNC$BrandNewCohort,   0.000,  0.000
213,     TalkboxRocKit,   0.000,  0.000
314,  高赫,   0.000,  0.000
315,  千坂,   0.000,  0.000
316,    Kael鹿帆,   0.000,  0.000
317,  青春美少女,   0.000,  0.000
318, EasyRider逍遥骑士,   0.000,  0.000
219,   李常超(Lao乾妈),   0.000,  0.000
119,  蛋卷,   0.000,  0.000
321,阿基耐,   0.000,  0.000
322,    唐朝乐队,   0.000,  0.000
323,   nin,   0.000,  0.000
324,  曲言,   0.000,  0.000
124,崔开潮,   0.000,  0.000
326,Datsik,   0.000,  0.000
327,  王杰,   0.000,  0.000
328,Lonely,   0.000,  0.000
329,王大毛,   0.000,  0.000
330,崔跃文,   0.000,  0.000
331, YUJay,   0.000,  0.000
332,  汪峰,   0.000,  0.000
333,王欣宇,   0.000,  0.000
334,    Cesqeaux,   0.000,  0.000
235,    脑浊乐队,   0.000,  0.000
135,  Pink,   0.000,  0.000
237,麦组合,   0.000,  0.000
338,王华峰,   0.000,  0.000
339,   TylerWard,   0.000,  0.000
240,  张杰,   0.000,  0.000
140,  Ballrockin,   0.000,  0.000
242,     王齐铭WatchMe,   0.000,  0.000
343,  贾昱,   0.000,  0.000
344,  茶凉粉乐队,   0.000,  0.000
144,郑子威,   0.000,  0.000
346,   ChineseFootball,   0.000,  0.000
347,  TYRX,   0.000,  0.000
348,     Wya乌鸦,   0.000,  0.000
349,任意门,   0.000,  0.000
250,猫女林,   0.000,  0.000
351,  林允,   0.000,  0.000
352,张震岳,   0.000,  0.000
353,鸾凤鸣原创音乐团队,   0.000,  0.000
354,李子阳,   0.000,  0.000
355,    三藏梵音,   0.000,  0.000
356,  涵昱,   0.000,  0.000
357,潇梦临,   0.000,  0.000
157,     Fleurie,   0.000,  0.000
359,    热斑乐队,   0.000,  0.000
360,朱哲琴,   0.000,  0.000
361,     re:plus,   0.000,  0.000
262,潘虹樾,   0.000,  0.000
363,丁世光,   0.000,  0.000
 63,AllieX,   0.000,  0.000
365,暴走蜗牛乐队,   0.000,  0.000
366,     Diskord,   0.000,  0.000
 66,杨非同,   0.000,  0.000
268,    宮脇詩音,   0.000,  0.000
369,小红帽,   0.000,  0.000
169,张碧晨,   0.000,  0.000
170,  杨多,   0.000,  0.000
372,     kidult.,   0.000,  0.000
172     ,ProgressiveDigitalStation,   0.000,  0.000
374,陆陆桑,   0.000,  0.000
375,Alesso,   0.000,  0.000
376,  DJcc,   0.000,  0.000
377,科尔薇,   0.000,  0.000
378,情词尧,   0.000,  0.000
179,    UZ,   0.000,  0.000
380,  秦勇,   0.000,  0.000
381,ToddLi,   0.000,  0.000
382,李沫萱,   0.000,  0.000
182,谢天笑,   0.000,  0.000
384,  雏葵,   0.000,  0.000
385,     PNC说唱,   0.000,  0.000
386,祁紫檀,   0.000,  0.000
387,  OVDS,   0.000,  0.000
187,  任升,   0.000,  0.000
389,   RED,   0.000,  0.000
189, MLK麋鹿王国,   0.000,  0.000
391,Smooka,   0.000,  0.000
192,紫堂宿,   0.000,  0.000
393,  Rise,   0.000,  0.000
193,    mAjorHon,   0.000,  0.000
 94,汐音社,   0.000,  0.000
396,京脸儿,   0.000,  0.000
397,坚持者,   0.000,  0.000
197,  AlanWalker,   0.000,  0.000
198,  阿力木江·托合提,   0.000,  0.000
400,吴克群,   0.000,  0.000
401,于子将,   0.000,  0.000
402,踏云社,   0.000,  0.000
403,    麻吉弟弟,   0.000,  0.000
404,张三弥,   0.000,  0.000
405,阿力普,   0.000,  0.000
406,    芙蓉帐暖夜笙歌,   0.000,  0.000
407,  乔嘉,   0.000,  0.000
408,好妹妹,   0.000,  0.000
409,DJ宋雨飞已退,   0.000,  0.000
410,    百慕三石,   0.000,  0.000
  9,玄乐队,   0.000,  0.000
 10,  BowOfAtlas,   0.000,  0.000
313,  NIKI,   0.000,  0.000
414,  冯言,   0.000,  0.000
415,Bikman,   0.000,  0.000
416,  FromTheRed,   0.000,  0.000
417,   ICE,   0.000,  0.000
418,   CyanLpegd,   0.000,  0.000
419,    温莎森林,   0.000,  0.000
 18,  张蔷,   0.000,  0.000
 19,燃烧青春乐队,   0.000,  0.000
422,廖俊涛,   0.000,  0.000
423,     promema,   0.000,  0.000
 22,  丁于,   0.000,  0.000
425,    Lu,   0.000,  0.000
426,  精气神制作,   0.000,  0.000
427,汪定中,   0.000,  0.000
428,  AvTProject,   0.000,  0.000
429,    AnimaOMG,   0.000,  0.000
430,  彭坦,   0.000,  0.000
431,  王筝,   0.000,  0.000
 30,  二凉,   0.000,  0.000
433,  发条卡目索,   0.000,  0.000
434,飘乐队,   0.000,  0.000
435,    earlybus,   0.000,  0.000
436,    LogicLoc,   0.000,  0.000
236,  半梦,   0.000,  0.000
438,包晗言,   0.000,  0.000
 37,常石磊,   0.000,  0.000
440,  浜崎あゆみ,   0.000,  0.000
441,  叶蓓,   0.000,  0.000
442,TedJon,   0.000,  0.000
443,  野外合作社,   0.000,  0.000
 42,李潇潇,   0.000,  0.000
445,    斑辣个马,   0.000,  0.000
446,    Fine乐团,   0.000,  0.000
447,  Sula,   0.000,  0.000
448,    OgreYouAsshole,   0.000,  0.000
449,  单丹,   0.000,  0.000
450,Octave,   0.000,  0.000
451,李官卫,   0.000,  0.000
452,  渔圈,   0.000,  0.000
 51,     U,   0.000,  0.000
 52, Lonzo,   0.000,  0.000
455,  宫俊,   0.000,  0.000
 54,    荣子yJan,   0.000,  0.000
 55,    Hope组合,   0.000,  0.000
458,卢小旭,   0.000,  0.000
459,   Sub,   0.000,  0.000
 58,Miguel,   0.000,  0.000
461,  莫籽,   0.000,  0.000
261,  靳松,   0.000,  0.000
463,     Sikdope,   0.000,  0.000
163,邱有句,   0.000,  0.000
465,  彭琦,   0.000,  0.000
466,  李健,   0.000,  0.000
467,周子琰,   0.000,  0.000
468,     AniFace,   0.000,  0.000
 67,     TooPhat,   0.000,  0.000
470,     Odoriin,   0.000,  0.000
471,雷智皓,   0.000,  0.000
472,徐靖博,   0.000,  0.000
473,    MuratjanMuxter,   0.000,  0.000
 72,李霄云,   0.000,  0.000
475,  冲击力乐队,   0.000,  0.000
275,   JesseCook,   0.000,  0.000
477,    蒋亮的声音系统,   0.000,  0.000
478,王珞丹,   0.000,  0.000
479,梁栋江,   0.000,  0.000
 78,    夏天播放,   0.000,  0.000
481,     TheWillOnKill,   0.000,  0.000
482,帝玖管弦乐团,   0.000,  0.000
483, JasonCasper,   0.000,  0.000
 82,刘莱斯,   0.000,  0.000
485, 啊晗Britany,   0.000,  0.000
486,  马条,   0.000,  0.000
487, Vacance.ZEN,   0.000,  0.000
488, Headhunterz,   0.000,  0.000
489,  阿杰,   0.000,  0.000
490,    Quintino,   0.000,  0.000
491,冯提莫,   0.000,  0.000
492,  TheCandleThieves,   0.000,  0.000
493,BHTY-R,   0.000,  0.000
494,  任和,   0.000,  0.000
495,张宇桦,   0.000,  0.000
496,洛天依,   0.000,  0.000
497,    FADERONE,   0.000,  0.000
498,胡拾梅,   0.000,  0.000
499,    牛奶咖啡,   0.000,  0.000
500,  NOTD,   0.000,  0.000
501,  异种,   0.000,  0.000
502,千鸟鸟,   0.000,  0.000
503,叶菁菁,   0.000,  0.000
102,  铁击,   0.000,  0.000
304,葛八岁,   0.000,  0.000
506,    OllyMurs,   0.000,  0.000
507,   BEJ,   0.000,  0.000
508,匡桐菲,   0.000,  0.000
107,  姜昕,   0.000,  0.000
309,余佳运,   0.000,  0.000
109,    星球撞树,   0.000,  0.000
512,     DJZacco,   0.000,  0.000
513,苏诗丁,   0.000,  0.000
514,    欧阳耀莹,   0.000,  0.000
515,  青子,   0.000,  0.000
516,    GZ,   0.000,  0.000
517,    动力火车,   0.000,  0.000
518,    音频怪物,   0.000,  0.000
519,平井大,   0.000,  0.000
520,  AmaO,   0.000,  0.000
521,    浪荡绅士,   0.000,  0.000
522,  安浩,   0.000,  0.000
523,毕书尽,   0.000,  0.000
524, BloodyWoods,   0.000,  0.000
525,     DJ-Varc,   0.000,  0.000
526,  SeeB,   0.000,  0.000
527,    风见学园蔚蓝组,   0.000,  0.000
528,  于湉,   0.000,  0.000
529,苗田雨,   0.000,  0.000
530,    OnlyReal,   0.000,  0.000
531,    范世坤吉他私塾,   0.000,  0.000
532,    DJSoviet,   0.000,  0.000
533,新香水,   0.000,  0.000
534, poree,   0.000,  0.000
133,  Stwo,   0.000,  0.000
536,  花玲,   0.000,  0.000
537,TFBOYS,   0.000,  0.000
337,杨晓川,   0.000,  0.000
539,  洪辰,   0.000,  0.000
540,  何山,   0.000,  0.000
139,  高夫,   0.000,  0.000
542,库亦晨,   0.000,  0.000
543, SAR_H,   0.000,  0.000
544,  丁薇,   0.000,  0.000
545,崔子格,   0.000,  0.000
546,  GumJ,   0.000,  0.000
547,    ChinaJTA,   0.000,  0.000
548,  方磊,   0.000,  0.000
147,  Y_xhの柒姬,   0.000,  0.000
148,     颜韵Ycy,   0.000,  0.000
551,     大主宰乐团TheMaster,   0.000,  0.000
552,周汤豪,   0.000,  0.000
553,  高姗,   0.000,  0.000
554,旅行团,   0.000,  0.000
555,    北冈健太,   0.000,  0.000
556,庄心妍,   0.000,  0.000
557,顽童MJ,   0.000,  0.000
558,  谣君,   0.000,  0.000
559,SeanKingston,   0.000,  0.000
560,徐誉滕,   0.000,  0.000
561,     Kaskade,   0.000,  0.000
562,G.E.M.邓紫棋,   0.000,  0.000
161,潘小芬,   0.000,  0.000
564,  寂悸,   0.000,  0.000
565,   新疆SPEAKER说唱,   0.000,  0.000
566,  霹雳布袋戏,   0.000,  0.000
567,  黑羊,   0.000,  0.000
166,    DU丢丢丢,   0.000,  0.000
368,杨嘉松,   0.000,  0.000
570, Honne,   0.000,  0.000
571,   Nop,   0.000,  0.000
572,  韩旭,   0.000,  0.000
171,RobertFalcon,   0.000,  0.000
574,  陈粒,   0.000,  0.000
173,雷雨心,   0.000,  0.000
576,   Muo,   0.000,  0.000
577,MINSTA,   0.000,  0.000
578,王冰洋,   0.000,  0.000
579,    CrazyUp!,   0.000,  0.000
379,高丽馥,   0.000,  0.000
581, DavidGuetta,   0.000,  0.000
582,powerA,   0.000,  0.000
181,    九宝乐队,   0.000,  0.000
584,  白宁,   0.000,  0.000
183,oNEwAY,   0.000,  0.000
586,  曹秦,   0.000,  0.000
587, Korpiklaani,   0.000,  0.000
588,  邱比,   0.000,  0.000
589,朱星杰,   0.000,  0.000
590,  念蓁,   0.000,  0.000
591,   Six,   0.000,  0.000
592,    BettyWho,   0.000,  0.000
191,  Deca,   0.000,  0.000
594,  大哲,   0.000,  0.000
595,岑宁儿,   0.000,  0.000
395,  泰然,   0.000,  0.000
195,     PaRaDSE,   0.000,  0.000
598,夏凌兮,   0.000,  0.000
599,DE_SCC,   0.000,  0.000
600,    Motorama,   0.000,  0.000
601,DP龙猪,   0.000,  0.000
602,  西楼,   0.000,  0.000
603,     AdventureClub,   0.000,  0.000
604,  狄奥尼索斯,   0.000,  0.000
605,  沈曼,   0.000,  0.000
606, iMoon,   0.000,  0.000
607,牛奶白,   0.000,  0.000
608,  胶壳,   0.000,  0.000
609, Leech,   0.000,  0.000
208,Worezh,   0.000,  0.000
611,李行亮,   0.000,  0.000
210,    KBShinya,   0.000,  0.000
412,薄彩生,   0.000,  0.000
614,魏新雨,   0.000,  0.000
615,AHKEXl,   0.000,  0.000
214,王珮瑜,   0.000,  0.000
617,    一针见喜,   0.000,  0.000
618,  一盛,   0.000,  0.000
619,    安妮朵拉,   0.000,  0.000
620,Riyo橙,   0.000,  0.000
621,清风至,   0.000,  0.000
622,  白桦树娃娃,   0.000,  0.000
623,     NGHTMRE,   0.000,  0.000
624,  吴琼,   0.000,  0.000
424,曾之乔,   0.000,  0.000
626,张彵凡,   0.000,  0.000
627,   FOM,   0.000,  0.000
628,  丁爽,   0.000,  0.000
629,JiessieZhang,   0.000,  0.000
630,  JamesBlunt,   0.000,  0.000
631,  喵步小雨中,   0.000,  0.000
632,徐海榕,   0.000,  0.000
432,     HIROOMITOSAKA,   0.000,  0.000
634,  南瓜妮歌迷俱乐部,   0.000,  0.000
635,   初初初夏W,   0.000,  0.000
636,    曾大块儿,   0.000,  0.000
637,  DYGL,   0.000,  0.000
638,   Doris小武,   0.000,  0.000
639,潘广益,   0.000,  0.000
439,  暖场小粽子,   0.000,  0.000
641,白举纲,   0.000,  0.000
642,普映蒙,   0.000,  0.000
643,     Brila_L,   0.000,  0.000
644,  U.TA,   0.000,  0.000
645,Round_,   0.000,  0.000
646,    笨笨口琴,   0.000,  0.000
647,非樂原创音乐工作室,   0.000,  0.000
648,    东来东往,   0.000,  0.000
649,  二文,   0.000,  0.000
650,    Herobust,   0.000,  0.000
651, F-FAX,   0.000,  0.000
652,张叶蕾,   0.000,  0.000
653,苏妙玲,   0.000,  0.000
654,残泪杰,   0.000,  0.000
454,叶洛洛,   0.000,  0.000
254,    马帮乐队,   0.000,  0.000
657,羽·泉,   0.000,  0.000
658,    斯琴塔那,   0.000,  0.000
659,  张瑶,   0.000,  0.000
660,白白麦,   0.000,  0.000
460,  南偿,   0.000,  0.000
662,少司命,   0.000,  0.000
663,茉莉僧,   0.000,  0.000
664,    ariadeng,   0.000,  0.000
263,   ZER,   0.000,  0.000
666,  展展与罗罗,   0.000,  0.000
667,  鬼卞,   0.000,  0.000
668,尹姝贻,   0.000,  0.000
669,    爱朵女孩,   0.000,  0.000
670,  顾峰,   0.000,  0.000
671, 因可INCHAOS,   0.000,  0.000
672,    七朵组合,   0.000,  0.000
271, ALow.,   0.000,  0.000
674,TINGSHIGHUCH,   0.000,  0.000
474,李玉刚,   0.000,  0.000
676,简弘亦,   0.000,  0.000
677,Tolein,   0.000,  0.000
678,弗雷德乐队FD,   0.000,  0.000
679,    HOYO-MiX,   0.000,  0.000
680,  伞妹,   0.000,  0.000
480,    JV陈政文,   0.000,  0.000
280,  奉枫,   0.000,  0.000
281,彭远扬,   0.000,  0.000
684,小青龙,   0.000,  0.000
484,    那吾克热LIL-EM,   0.000,  0.000
686, Husan,   0.000,  0.000
687,悬铃木,   0.000,  0.000
688,   Y.A,   0.000,  0.000
689,Senpai,   0.000,  0.000
288,何曼婷,   0.000,  0.000
691,     何星烁RapStar,   0.000,  0.000
692,    RhapsodyofFire,   0.000,  0.000
693,  阿来,   0.000,  0.000
292,     Blaster,   0.000,  0.000
695,   绾绾Akari,   0.000,  0.000
294,   KOH,   0.000,  0.000
295,    持枪萝莉,   0.000,  0.000
698,叶雨蒙,   0.000,  0.000
699,  LunaSafari,   0.000,  0.000
700,  秋野,   0.000,  0.000
701,  Eddd,   0.000,  0.000
300,    四季音色,   0.000,  0.000
703, BEAUZ,   0.000,  0.000
704,    衣湿乐队,   0.000,  0.000
303,  贰鱼,   0.000,  0.000
706,   LudovicoEinaudi,   0.000,  0.000
305,  豆心,   0.000,  0.000
708,    杨梓琪呀,   0.000,  0.000
709,  GulgineMollaemet,   0.000,  0.000
710,  黑薄荷乐队,   0.000,  0.000
711,     玥霖Gabrielle,   0.000,  0.000
712,  AxwellΛIngrosso,   0.000,  0.000
713,    雪沉乐队,   0.000,  0.000
714,简迷离GEMINI,   0.000,  0.000
715,     Beverly,   0.000,  0.000
716,五条人,   0.000,  0.000
717,  周栈,   0.000,  0.000
718,盘大王,   0.000,  0.000
719,MartinJensen,   0.000,  0.000
720,汪苏泷,   0.000,  0.000
721,  清弄,   0.000,  0.000
722,刘嘉亮,   0.000,  0.000
723,王栎鑫,   0.000,  0.000
724,  小柯,   0.000,  0.000
725,     eveningcinema,   0.000,  0.000
726,孔令奇,   0.000,  0.000
727,  千界,   0.000,  0.000
728,漏音器TheLowincher,   0.000,  0.000
729,Koowho,   0.000,  0.000
730,  小亨,   0.000,  0.000
731, EmilyStyler,   0.000,  0.000
732,  MarianHill,   0.000,  0.000
733,   DahliaRosea(玫瑰博士),   0.000,  0.000
734,MuSikI,   0.000,  0.000
735,   YoungTime,   0.000,  0.000
736,郑茜匀,   0.000,  0.000
737,幻華楽,   0.000,  0.000
336,艾怡良,   0.000,  0.000
739,   MandoDiao,   0.000,  0.000
740,  孙楠,   0.000,  0.000
741,付春霞,   0.000,  0.000
541,  赵鹏,   0.000,  0.000
743,白静晨,   0.000,  0.000
744,王嘉尔,   0.000,  0.000
745,黄雅莉,   0.000,  0.000
746,    FACEV?ID,   0.000,  0.000
747,    满汉全席,   0.000,  0.000
748,  王愚,   0.000,  0.000
749,    神马乐团,   0.000,  0.000
750,  千夜,   0.000,  0.000
751,张赫宣,   0.000,  0.000
350,赵紫骅,   0.000,  0.000
753,    ShitheaD,   0.000,  0.000
754,蒋道理,   0.000,  0.000
755,  HAMY何美延,   0.000,  0.000
756,  YellowClaw,   0.000,  0.000
757,   JOE,   0.000,  0.000
758,刘惜君,   0.000,  0.000
759,方迩羲,   0.000,  0.000
760, WARISJANABDUREHIM,   0.000,  0.000
761,安来宁,   0.000,  0.000
762,  祁汉,   0.000,  0.000
763,  Rhye,   0.000,  0.000
764,rising,   0.000,  0.000
765,    厦门六中合唱团,   0.000,  0.000
766,  Tobu,   0.000,  0.000
767,陈小虎,   0.000,  0.000
768,   DJCarnage,   0.000,  0.000
367, 丹Sir,   0.000,  0.000
770,卫彬月,   0.000,  0.000
771,     ZaleLes,   0.000,  0.000
772,    索朗旺姆,   0.000,  0.000
371,莫君倾,   0.000,  0.000
774,  沈庆,   0.000,  0.000
373,ElleQu,   0.000,  0.000
776,诱导社,   0.000,  0.000
777,    茉茉天空,   0.000,  0.000
778,    盘尼西林,   0.000,  0.000
779,   DJ-荣大大,   0.000,  0.000
780,  Owen,   0.000,  0.000
781,秦万民,   0.000,  0.000
782,Truart,   0.000,  0.000
783,    ViniVici,   0.000,  0.000
784,     喵酱mio,   0.000,  0.000
383,    小爱的妈,   0.000,  0.000
786,  洪尘,   0.000,  0.000
787,  Maxone老虎,   0.000,  0.000
788,  高安,   0.000,  0.000
789,李慧宇,   0.000,  0.000
790,付浩天,   0.000,  0.000
791,  彭博,   0.000,  0.000
390,     Yultron,   0.000,  0.000
793,艾美琦,   0.000,  0.000
392,TheGlitchMob,   0.000,  0.000
795,  阿涵,   0.000,  0.000
796,Knight,   0.000,  0.000
797,  LosCrasher,   0.000,  0.000
798,  曲艺,   0.000,  0.000
799,    才让东珠,   0.000,  0.000
800,  咖啡因乐队,   0.000,  0.000
399,    重塑雕像的权利,   0.000,  0.000
802,  李晋,   0.000,  0.000
803,潘雨轩,   0.000,  0.000
804,  醒山工作室,   0.000,  0.000
805,  马马,   0.000,  0.000
806,郁可唯,   0.000,  0.000
807,江一燕,   0.000,  0.000
808,  可儿,   0.000,  0.000
809,   RTG,   0.000,  0.000
810,XINZHU,   0.000,  0.000
811,  秦洋,   0.000,  0.000
812,  吕雯,   0.000,  0.000
813,  蒋山,   0.000,  0.000
814,   Omi,   0.000,  0.000
 11,朱彦安,   0.000,  0.000
816,  AgNo,   0.000,  0.000
817, SAFIA,   0.000,  0.000
818,陈壹千,   0.000,  0.000
819,萧煌奇,   0.000,  0.000
820,  晴天,   0.000,  0.000
821,     iimmune,   0.000,  0.000
822,    显然乐队,   0.000,  0.000
823,  枫叶,   0.000,  0.000
824,    ANATOMOD,   0.000,  0.000
825,  余枫,   0.000,  0.000
826,     MIC男团,   0.000,  0.000
827,尚雯婕,   0.000,  0.000
828,  鲸鱼马戏团,   0.000,  0.000
829,    排骨教主,   0.000,  0.000
830,  晃儿,   0.000,  0.000
831,   EdSheeran,   0.000,  0.000
832,王梵瑞,   0.000,  0.000
 29,    斯琴高丽,   0.000,  0.000
834,段同愿,   0.000,  0.000
835,    阿岛先生,   0.000,  0.000
836,  MajorLazer,   0.000,  0.000
837,  冰鑫,   0.000,  0.000
838,  波比,   0.000,  0.000
437,歌浴森,   0.000,  0.000
840,  唐古,   0.000,  0.000
841,  安然,   0.000,  0.000
842,  么么,   0.000,  0.000
843,松果日记乐队,   0.000,  0.000
844,徐歌阳,   0.000,  0.000
845,  赵雷,   0.000,  0.000
846,    光速飞行,   0.000,  0.000
847,吴文煜,   0.000,  0.000
848,     LGlywww,   0.000,  0.000
849,  樹莓蛋奶酥,   0.000,  0.000
850,才姆措,   0.000,  0.000
851,陈浩民,   0.000,  0.000
852,    良人乐团,   0.000,  0.000
853,  爱乐团王超,   0.000,  0.000
854, SwedishHouseMafia,   0.000,  0.000
855,    シャムキャッツ,   0.000,  0.000
856,王若琳,   0.000,  0.000
857,    弘诺方舟,   0.000,  0.000
858,冉明阳,   0.000,  0.000
859, DAVIDBORING,   0.000,  0.000
860,    天空乐队,   0.000,  0.000
861, LostStories,   0.000,  0.000
862,邓文怡,   0.000,  0.000
863,  燕池,   0.000,  0.000
 60,     Showtek,   0.000,  0.000
865,邱小龙,   0.000,  0.000
867,董冬冬,   0.000,  0.000
868,  Monica不不,   0.000,  0.000
869,梅粮新,   0.000,  0.000
870,TimmyTrumpet,   0.000,  0.000
871,     Hoaprox,   0.000,  0.000
872, Bangz,   0.000,  0.000
 69,  惊林,   0.000,  0.000
874,     CocoPop,   0.000,  0.000
875,  黄征,   0.000,  0.000
876,林如韵,   0.000,  0.000
877,言吾音,   0.000,  0.000
 74,黄诗扶,   0.000,  0.000
879,过又嘉,   0.000,  0.000
880, Veeos,   0.000,  0.000
881,冷冻街,   0.000,  0.000
882, Mzoce,   0.000,  0.000
883,阎奕格,   0.000,  0.000
 80,  曹翟,   0.000,  0.000
 81,  小白的亚新,   0.000,  0.000
886,    暮色绽放,   0.000,  0.000
887,  李粟,   0.000,  0.000
888,  二嘉,   0.000,  0.000
889,桃十五,   0.000,  0.000
890,   MKJ,   0.000,  0.000
891,    窒息乐队,   0.000,  0.000
892, Bassjackers,   0.000,  0.000
893,脆乐团,   0.000,  0.000
894,  丁乔,   0.000,  0.000
 91,  慕寒,   0.000,  0.000
896,     AlimjanTursun,   0.000,  0.000
897,   Easion_Ng,   0.000,  0.000
898, Axero,   0.000,  0.000
899,陈鸿宇,   0.000,  0.000
 96,毛泽少,   0.000,  0.000
901,    卡斯Kas$,   0.000,  0.000
902,范星光,   0.000,  0.000
903,   熊猫团PandaBros,   0.000,  0.000
904,     Flosstradamus,   0.000,  0.000
905,  KatieGoestoTokyo,   0.000,  0.000
906,洪雨雷,   0.000,  0.000
505,乐正绫,   0.000,  0.000
104,  W.K.,   0.000,  0.000
909,    万能青年,   0.000,  0.000
910,贾孟昕,   0.000,  0.000
911,  谦木,   0.000,  0.000
510,  刘忻,   0.000,  0.000
913,卜小可,   0.000,  0.000
914,Faye飞,   0.000,  0.000
915,     DJSnake,   0.000,  0.000
916, Inspirative,   0.000,  0.000
113, Danny_AhBoy许佳麟,   0.000,  0.000
918,    ImmanuEl,   0.000,  0.000
919,   Noicybino,   0.000,  0.000
920,杨宗纬,   0.000,  0.000
117,    AK,   0.000,  0.000
118,  陶喆,   0.000,  0.000
923,  愚青,   0.000,  0.000
120,江映蓉,   0.000,  0.000
925,UN组合,   0.000,  0.000
926,  鲍越,   0.000,  0.000
927,  梵墨,   0.000,  0.000
928,   泠鸢yousa,   0.000,  0.000
929,  士辉,   0.000,  0.000
930,  魏晨,   0.000,  0.000
931,  米线,   0.000,  0.000
128,    声音玩具,   0.000,  0.000
933,    摩登兄弟,   0.000,  0.000
934,  乔洋,   0.000,  0.000
935,  Rezz,   0.000,  0.000
936,潘柯夫,   0.000,  0.000
937,JuicyJ,   0.000,  0.000
134,万晓利,   0.000,  0.000
939,Yileen,   0.000,  0.000
136,  艾格,   0.000,  0.000
941,胡彦斌,   0.000,  0.000
942,    精彩词轩,   0.000,  0.000
943,  安子与九妹,   0.000,  0.000
944,  阿爆,   0.000,  0.000
141,  雷佳,   0.000,  0.000
946,任家萱,   0.000,  0.000
947,  马小野乐队,   0.000,  0.000
948,   BreatheCarolina,   0.000,  0.000
949,刘明汉,   0.000,  0.000
146, J.Fla,   0.000,  0.000
951,李瑨瑶,   0.000,  0.000
952,  尹吾,   0.000,  0.000
149,陈珊妮,   0.000,  0.000
954,    严玲严莉,   0.000,  0.000
955,   TheFatRat,   0.000,  0.000
956,沙宝亮,   0.000,  0.000
957,黑崎子,   0.000,  0.000
958,  卫兰,   0.000,  0.000
959,偷喜办,   0.000,  0.000
156, Ookay,   0.000,  0.000
961,张拾壹,   0.000,  0.000
962,  VIVI,   0.000,  0.000
963,耀乐团,   0.000,  0.000
964,VISUDY,   0.000,  0.000
965,  锦零,   0.000,  0.000
966,   YehudiToo,   0.000,  0.000
967,     InfiniteMusic,   0.000,  0.000
968,  蜜蜂少女队,   0.000,  0.000
969,千月兔,   0.000,  0.000
970,  破音,   0.000,  0.000
167,  EXIA,   0.000,  0.000
972,许魏洲,   0.000,  0.000
973,龙梅子,   0.000,  0.000
974,   GillChang,   0.000,  0.000
975,    老虎欧巴,   0.000,  0.000
976,    SHEKHINAH|安娜与陈飙,   0.000,  0.000
977,  徐良,   0.000,  0.000
978,     西奥Sio,   0.000,  0.000
979,  毛衍七Vava,   0.000,  0.000
980,刘昊霖,   0.000,  0.000
981,韩安旭,   0.000,  0.000
982,  虎二,   0.000,  0.000
983, PINAR,   0.000,  0.000
984,    兰眼睛女子乐团,   0.000,  0.000
985, Soler,   0.000,  0.000
986,    吉克曲布,   0.000,  0.000
987,    肆囍乐队,   0.000,  0.000
988,BRGang,   0.000,  0.000
989,  爱戴,   0.000,  0.000
990,  彭宇,   0.000,  0.000
991,董昱昆,   0.000,  0.000
992,回音哥,   0.000,  0.000
993,李蚊香,   0.000,  0.000
994,    新疆群星,   0.000,  0.000
995,  梁博,   0.000,  0.000
996,  莫爱河往生,   0.000,  0.000
997,    ReturnTheTruth,   0.000,  0.000
596,   CLOUDWANG,   0.000,  0.000
999,  马里奥赛德,   0.000,  0.000
1000, FabianMazur,   0.000,  0.000
1001,于嘉萌,   0.000,  0.000
1002,金培达,   0.000,  0.000
1003,马雨阳,   0.000,  0.000
1004,夏子皓,   0.000,  0.000
1005, MattZachary,   0.000,  0.000
1006,     AndyMei,   0.000,  0.000
1007,李汶峰,   0.000,  0.000
1008,  泠风,   0.000,  0.000
1009,    _Stefano,   0.000,  0.000
1010,    小雨乐队,   0.000,  0.000
1011,  赵鑫,   0.000,  0.000
1012,闫东炜,   0.000,  0.000
1013,  苏阳,   0.000,  0.000
1014,Prismo,   0.000,  0.000
1015,蔡徐坤,   0.000,  0.000
212,BingoPlayers,   0.000,  0.000
1017, -ever,   0.000,  0.000
1018,  满江,   0.000,  0.000
1019,任路加,   0.000,  0.000
1020, JonyJ,   0.000,  0.000
1021,雷诺儿,   0.000,  0.000
1022,末小皮,   0.000,  0.000
1023,腾格尔,   0.000,  0.000
1024,栗先达,   0.000,  0.000
221,    北树乐队,   0.000,  0.000
222,郑建鹏,   0.000,  0.000
223,    英雄联盟,   0.000,  0.000
1028,     GAI周延,   0.000,  0.000
1029,    左安西西,   0.000,  0.000
1030,  周深,   0.000,  0.000
1031,    H.M.Funk,   0.000,  0.000
228,  昼夜,   0.000,  0.000
1033,税子洺,   0.000,  0.000
1034,蔡方萌,   0.000,  0.000
1035,    废埕乐团,   0.000,  0.000
1036,    JUSF周存,   0.000,  0.000
1037,陈绮贞,   0.000,  0.000
1038,    MewlanMemtimin买吾兰,   0.000,  0.000
1039,  鹏泊,   0.000,  0.000
1040,  王上,   0.000,  0.000
1041,邱振哲,   0.000,  0.000
640,  吴越,   0.000,  0.000
1043,  李智,   0.000,  0.000
1044,卡列宁,   0.000,  0.000
1045,  庞龙,   0.000,  0.000
1046,林小尤Simona,   0.000,  0.000
1047,  乔军,   0.000,  0.000
1048,    GrymeMan,   0.000,  0.000
1049,蒋敦豪,   0.000,  0.000
1050,    Dirtcaps,   0.000,  0.000
1051,   Anonymous,   0.000,  0.000
1052,十三妹,   0.000,  0.000
1053, Curbi,   0.000,  0.000
1054,  阿朵,   0.000,  0.000
1055, KSHMR,   0.000,  0.000
1056,   SkyLights,   0.000,  0.000
1057,李佳璐,   0.000,  0.000
1058,     盖世Gas,   0.000,  0.000
1059,  卢焱,   0.000,  0.000
1060,熊天平,   0.000,  0.000
1061,葩姐姐,   0.000,  0.000
1062,   ANU,   0.000,  0.000
1063,    至上励合,   0.000,  0.000
1064,   Ladybeard,   0.000,  0.000
1065, YonderVoice,   0.000,  0.000
1066,谢春花,   0.000,  0.000
1067, ELYAR-PULAT,   0.000,  0.000
1068,    only胡迪,   0.000,  0.000
265,  庆庆,   0.000,  0.000
1070,  珊瑚,   0.000,  0.000
1071,  農里,   0.000,  0.000
1072,潘玮柏,   0.000,  0.000
1073,     VectorMachine,   0.000,  0.000
270,范炜与程渤智,   0.000,  0.000
1075, YYKBZ,   0.000,  0.000
272,蔡淳佳,   0.000,  0.000
273,  邵言,   0.000,  0.000
1078, yocho,   0.000,  0.000
1079,  文颖秋（DJCANDY),   0.000,  0.000
1080,亚尔肯,   0.000,  0.000
1081,马天宇,   0.000,  0.000
278, NeverBefore,   0.000,  0.000
1083,张过年,   0.000,  0.000
1084,   Soulspeak,   0.000,  0.000
1085,李荣浩,   0.000,  0.000
1086,周笔畅,   0.000,  0.000
283,    Mu,   0.000,  0.000
1088,蒋雪儿,   0.000,  0.000
1089,   JeamsKing,   0.000,  0.000
1090,  酷癌KooEye,   0.000,  0.000
1091,DJ阿奇,   0.000,  0.000
1092,  白亮,   0.000,  0.000
1093,   INK,   0.000,  0.000
1094,琅琊阁,   0.000,  0.000
1095, Ezfic,   0.000,  0.000
1096,  Noi!,   0.000,  0.000
1097,   Orientlic,   0.000,  0.000
1098,  沈波,   0.000,  0.000
1099,  二直,   0.000,  0.000
1100,     AscensionMusicGroup,   0.000,  0.000
1101,  永彬Ryan.B,   0.000,  0.000
1102,戴佩妮,   0.000,  0.000
1103,     NOSENSE无感觉,   0.000,  0.000
1104,  Sawako碎花,   0.000,  0.000
1105,  井宿,   0.000,  0.000
1106,白小白,   0.000,  0.000
1107,    声体乐团,   0.000,  0.000
1108,    五音乐队,   0.000,  0.000
1109,   XON,   0.000,  0.000
1110,    喷嘭乐团,   0.000,  0.000
1111,穿越君,   0.000,  0.000
1112,小峰峰,   0.000,  0.000
1113,FTampa,   0.000,  0.000
1114,    RA,   0.000,  0.000
1115,    Forkyrie,   0.000,  0.000
1116,  甲雍,   0.000,  0.000
1117,DABANG,   0.000,  0.000
1118,  InfectedMushroom,   0.000,  0.000
1119,  荆纯,   0.000,  0.000
1120,    只有影子,   0.000,  0.000
1121,徐佳莹,   0.000,  0.000
1122,许茹芸,   0.000,  0.000
319,  黑戒,   0.000,  0.000
1124   ,CollisionDreamer冲撞梦想家,   0.000,  0.000
1125,    海龟先生,   0.000,  0.000
1126,  汪源,   0.000,  0.000
1127,Arston,   0.000,  0.000
1128,  平纱落雁音乐团队,   0.000,  0.000
325, Ezzek,   0.000,  0.000
1130,  JayHardway,   0.000,  0.000
1131,    野狼乐队,   0.000,  0.000
1132,  甫平,   0.000,  0.000
1133,安蕾尔,   0.000,  0.000
1134,    MC水观音,   0.000,  0.000
1135,Hanser,   0.000,  0.000
1136,优雅的迟到者,   0.000,  0.000
1137,    落日飞车,   0.000,  0.000
1138,  李琦,   0.000,  0.000
1139,    モーニング娘。,   0.000,  0.000
1140,  Alok,   0.000,  0.000
1141,Audiosoldier,   0.000,  0.000
1142,栗川舜,   0.000,  0.000
1143,  赵钶,   0.000,  0.000
1144,MutmeePimdao,   0.000,  0.000
1145,    M-PHOTOS,   0.000,  0.000
342,    Biscuits,   0.000,  0.000
1147,  黑猫,   0.000,  0.000
1148,Morrie,   0.000,  0.000
1149,  棱镜,   0.000,  0.000
1150,[.que]柿本直,   0.000,  0.000
1151,   eliaqsopa,   0.000,  0.000
1152,胡碧乔,   0.000,  0.000
1153,  伊晗,   0.000,  0.000
1154,徐千雅,   0.000,  0.000
1155,     曾小Cee,   0.000,  0.000
1156,  肯别,   0.000,  0.000
1157,  鹿先森乐队,   0.000,  0.000
1158,  后弦,   0.000,  0.000
1159,  蒋欣,   0.000,  0.000
1160,  杨学,   0.000,  0.000
1161,  涓子,   0.000,  0.000
1162,  朴翔,   0.000,  0.000
1163,女孩与机器人,   0.000,  0.000
1164,  以冬,   0.000,  0.000
1165,  熊子,   0.000,  0.000
1166,  陈旭,   0.000,  0.000
1167,   GBZ,   0.000,  0.000
1168,   TheChainsmokers,   0.000,  0.000
1169,    岸部眞明,   0.000,  0.000
1170,    周二下午谁没来,   0.000,  0.000
1171,  彭雪,   0.000,  0.000
1172,  二珂,   0.000,  0.000
1173, Grams,   0.000,  0.000
1174,    懒猫乐队,   0.000,  0.000
1175,  王蓉,   0.000,  0.000
1176,赵泳鑫,   0.000,  0.000
1177,    万塘路号,   0.000,  0.000
1178,  Rhab,   0.000,  0.000
1179,    IRiS七叶,   0.000,  0.000
1180,     Allfine,   0.000,  0.000
1181,魔幻之声口琴重奏团,   0.000,  0.000
1182,     projectlights,   0.000,  0.000
1183, Elfar,   0.000,  0.000
1184, Rapen罗仁麒,   0.000,  0.000
1185,     Yonetro,   0.000,  0.000
1186,    推,   0.000,  0.000
1187, RachelChang,   0.000,  0.000
1188,  慕斯の小乖,   0.000,  0.000
1189,  MR-X,   0.000,  0.000
1190,  MERA,   0.000,  0.000
1191,陶格斯,   0.000,  0.000
1192,  郝云,   0.000,  0.000
1193, JunoReactor,   0.000,  0.000
1194,季彦霖,   0.000,  0.000
1195,许多葵,   0.000,  0.000
1196, Xerls,   0.000,  0.000
1197,  孙翔,   0.000,  0.000
1198,泠鸢yousaの呆萌忆【管理团队】,   0.000,  0.000
1199,     PurpleBattery,   0.000,  0.000
1200,   XjMiracle,   0.000,  0.000
1201,  金忻,   0.000,  0.000
398,  不靠谱组合,   0.000,  0.000
1203,    ElectronicDanceMusic,   0.000,  0.000
1204,宁桓宇,   0.000,  0.000
1205,MisTer说唱团,   0.000,  0.000
1206,   NickLopez,   0.000,  0.000
1207,  洛萱,   0.000,  0.000
1208,   昭和三色_,   0.000,  0.000
1209,黄国俊,   0.000,  0.000
1210,  胡夏,   0.000,  0.000
1211,丛铭君,   0.000,  0.000
1212,  漆柚,   0.000,  0.000
1213,  光泽,   0.000,  0.000
1214, Mason,   0.000,  0.000
411,薛明媛,   0.000,  0.000
1216,文子轩,   0.000,  0.000
815,K.P.R.,   0.000,  0.000
1218,  MRUO,   0.000,  0.000
1219,  熊猫眼乐队,   0.000,  0.000
1220,  予词,   0.000,  0.000
1221,  西原健一郎,   0.000,  0.000
1222, Diplo,   0.000,  0.000
1223,  南游记乐队,   0.000,  0.000
420,    索朗扎西,   0.000,  0.000
1225,Yae_Angelica,   0.000,  0.000
1226,纪粹希,   0.000,  0.000
1227,尹毓恪,   0.000,  0.000
1228,  佟妍,   0.000,  0.000
1229,   Blacklist黑名单,   0.000,  0.000
1230,  未完成乐队,   0.000,  0.000
1231,刘力扬,   0.000,  0.000
1232,周柏豪,   0.000,  0.000
1233,董又霖,   0.000,  0.000
1234,  邓伦,   0.000,  0.000
1235,  伏仪,   0.000,  0.000
1236,冯佳琪,   0.000,  0.000
1237,  艾热,   0.000,  0.000
1238,    天堂乐队,   0.000,  0.000
1239,  江潮,   0.000,  0.000
1240,     KIDPUNK,   0.000,  0.000
1241,  Fran,   0.000,  0.000
1242, Jason王威登,   0.000,  0.000
1243,    儿时玩具,   0.000,  0.000
1244,谢安琪,   0.000,  0.000
1245,鲍元恺,   0.000,  0.000
1246,    纣王老胡,   0.000,  0.000
1247,  大泫,   0.000,  0.000
444,    Zeraphym,   0.000,  0.000
1249,    封茗囧菌,   0.000,  0.000
1250,   PonySoore,   0.000,  0.000
1251,彭佳慧,   0.000,  0.000
1252,  袁弘,   0.000,  0.000
1253,  吆拐和吗子,   0.000,  0.000
1254,  朴树,   0.000,  0.000
1255,   TaikoSuperKicks,   0.000,  0.000
1256,  平安,   0.000,  0.000
1257,  弹棉花的GG,   0.000,  0.000
1258,     cattz?m,   0.000,  0.000
1259,  Heki,   0.000,  0.000
456,单海锋,   0.000,  0.000
1261,     PSYKHON,   0.000,  0.000
1262,Nencol,   0.000,  0.000
1263,  周玥,   0.000,  0.000
1264,    青葉市子,   0.000,  0.000
1265,  执纸大魔王,   0.000,  0.000
1266,   ANK,   0.000,  0.000
1267,   FromYourBalcony,   0.000,  0.000
866,  郑钧,   0.000,  0.000
1269,    慕容晓晓,   0.000,  0.000
1270,北岛诗,   0.000,  0.000
1271,ZOMBIE-CHANG,   0.000,  0.000
1272,    深蓝儿童,   0.000,  0.000
469,宋马超,   0.000,  0.000
1274,   GalenCrew,   0.000,  0.000
1275,  前冲,   0.000,  0.000
1276,     GHASTLY,   0.000,  0.000
1277,    大贺兄弟,   0.000,  0.000
1278,贾盛强,   0.000,  0.000
1279,  vDJs,   0.000,  0.000
476,  杨琨,   0.000,  0.000
1281,     ChocolatePuma,   0.000,  0.000
1282,小sa神,   0.000,  0.000
1283,活死人,   0.000,  0.000
1284, OLWIK,   0.000,  0.000
1285,谭维维,   0.000,  0.000
1286,    Vicetone,   0.000,  0.000
1287,贺世哲,   0.000,  0.000
1288,    LoveSong,   0.000,  0.000
1289,  Jauz,   0.000,  0.000
1290,  马博,   0.000,  0.000
1291,IZ乐队,   0.000,  0.000
1292,林和夜,   0.000,  0.000
1293,Fuyuki,   0.000,  0.000
1294,  花粥,   0.000,  0.000
1295,   REI泠千夜,   0.000,  0.000
1296,  洛尘鞅_vvv,   0.000,  0.000
1297,印子月,   0.000,  0.000
1298,    驳倒乐队,   0.000,  0.000
1299,刘旭阳,   0.000,  0.000
1300,靖佩瑶,   0.000,  0.000
1301,  任东,   0.000,  0.000
1302, G.G(张思源),   0.000,  0.000
1303,  贝歌,   0.000,  0.000
1304,熊汝霖,   0.000,  0.000
1305,CodeWu,   0.000,  0.000
1306,     moumoon,   0.000,  0.000
1307,  周蕙,   0.000,  0.000
504,  浅堤,   0.000,  0.000
1309,布瑞吉Bridge,   0.000,  0.000
1310,    YoungMai,   0.000,  0.000
1311,  小虫,   0.000,  0.000
1312,  陈翔,   0.000,  0.000
1313,  F.BING.KAI,   0.000,  0.000
1314,  李想Evelyn,   0.000,  0.000
511,  王闻,   0.000,  0.000
1316,  朱强,   0.000,  0.000
1317,Evalia,   0.000,  0.000
1318,Fi江澈,   0.000,  0.000
1319,   situasian张太郎,   0.000,  0.000
1320,范小蛙,   0.000,  0.000
1321, Carta,   0.000,  0.000
1322, 豆腐P,   0.000,  0.000
1323,江凯文,   0.000,  0.000
1324,谢容儿,   0.000,  0.000
1325,    左小祖咒,   0.000,  0.000
1326,  河图,   0.000,  0.000
1327,  戴荃,   0.000,  0.000
1328,     COREONE,   0.000,  0.000
1329,  王强,   0.000,  0.000
1330,  BING,   0.000,  0.000
1331,INVADE,   0.000,  0.000
1332,  南无,   0.000,  0.000
1333,  刘洋,   0.000,  0.000
1334,DoAsInfinity,   0.000,  0.000
1335,    山人乐队,   0.000,  0.000
1336,     $唐老师,   0.000,  0.000
1337,  Ryzu,   0.000,  0.000
1338,  李志,   0.000,  0.000
535,     OceansWhoLied,   0.000,  0.000
1340,    To,   0.000,  0.000
1341,  源君,   0.000,  0.000
538,  萧忆情Alex,   0.000,  0.000
1343,王三溥,   0.000,  0.000
1344,    边际自由,   0.000,  0.000
1345,  笛在月明楼,   0.000,  0.000
1346,    Steerner,   0.000,  0.000
1347,韦星弟,   0.000,  0.000
1348,张阳阳,   0.000,  0.000
1349,  MAKJ,   0.000,  0.000
1350,   Sleepmakeswaves,   0.000,  0.000
1351,  张渠,   0.000,  0.000
1352,Thunse,   0.000,  0.000
1353,何璟昕,   0.000,  0.000
1354, 马子林Broma,   0.000,  0.000
1355,马旭东,   0.000,  0.000
1356,  SWIN,   0.000,  0.000
1357,  烛鷷大魔王,   0.000,  0.000
1358,     AOA组合,   0.000,  0.000
1359,    HeaMusic,   0.000,  0.000
1360,蔡小江,   0.000,  0.000
1361, Mario,   0.000,  0.000
1362,李上安,   0.000,  0.000
1363,韦礼安,   0.000,  0.000
1364,柯暮卿,   0.000,  0.000
1365,王诗安,   0.000,  0.000
1366,倪莫问,   0.000,  0.000
1367, 孟大C,   0.000,  0.000
1368,  BillySmith,   0.000,  0.000
1369,  鱼果,   0.000,  0.000
1370,  a$ce,   0.000,  0.000
1371,  李玟,   0.000,  0.000
1372,王继阳,   0.000,  0.000
1373,  莫凝,   0.000,  0.000
1374,    verahuuu,   0.000,  0.000
1375,    丝绒公路,   0.000,  0.000
1376,陈楚生,   0.000,  0.000
1377,  宋捷,   0.000,  0.000
1378,  许嵩,   0.000,  0.000
575,   Ray,   0.000,  0.000
1380,    康妮啊啊,   0.000,  0.000
1381,  Lilith乐队,   0.000,  0.000
1382,   NPC,   0.000,  0.000
1383, SAM努尔夏提,   0.000,  0.000
580,  陈斐,   0.000,  0.000
1385,郭欣桐,   0.000,  0.000
1386,炎亚纶,   0.000,  0.000
1387,  阿沁,   0.000,  0.000
1388,Redkey,   0.000,  0.000
1389,MC九局,   0.000,  0.000
1390,AvrilLavigne,   0.000,  0.000
1391,  寇麟,   0.000,  0.000
1392,何玉林,   0.000,  0.000
1393,  梦寒,   0.000,  0.000
1394,陈晓东,   0.000,  0.000
1395,  Xomu,   0.000,  0.000
1396,  武艺,   0.000,  0.000
593,Makino,   0.000,  0.000
1398,    ILLENIUM,   0.000,  0.000
1399,  余柯,   0.000,  0.000
1400,  双笙,   0.000,  0.000
597,    BAHERDINTURSUN,   0.000,  0.000
1402,    孛儿只斤·包迪,   0.000,  0.000
1403,  魏枫,   0.000,  0.000
1404,    龙井说唱,   0.000,  0.000
1405,  冬子,   0.000,  0.000
1406,LaidbackLuke,   0.000,  0.000
1407,郁乐队,   0.000,  0.000
1408, 杨和苏KeyNG,   0.000,  0.000
1409,  孙露,   0.000,  0.000
1410,ForceDefender（坚定捍卫乐队）,   0.000,  0.000
1411,  Liberation,   0.000,  0.000
1412,Maroon,   0.000,  0.000
1413,   Dreamtale,   0.000,  0.000
610,  NoiseHappy,   0.000,  0.000
1415,  OO偶像男团,   0.000,  0.000
612,    HAYA乐团,   0.000,  0.000
1417,柯子颜,   0.000,  0.000
1418,   BlastWayZ,   0.000,  0.000
1419,  ManicSheep,   0.000,  0.000
1420,    一棵小葱,   0.000,  0.000
1421,    圈,   0.000,  0.000
1422,  南方二重唱,   0.000,  0.000
1423,  SevenGurusFamily,   0.000,  0.000
1424,   RichBrian,   0.000,  0.000
1425,周云蓬,   0.000,  0.000
1426,FerryCorsten,   0.000,  0.000
1427,  张尧,   0.000,  0.000
1428,    ModernChildren,   0.000,  0.000
1429,木紫紫,   0.000,  0.000
1430,    蘑菇兄弟,   0.000,  0.000
1431,孔兰兰,   0.000,  0.000
1432,  BrunoMajor,   0.000,  0.000
1433,王力宏,   0.000,  0.000
1434, Liars,   0.000,  0.000
1435,  董昊,   0.000,  0.000
1436, Wiwek,   0.000,  0.000
1437,谭佑铭,   0.000,  0.000
1438,孟慧圆,   0.000,  0.000
1439,上海彩虹室内合唱团,   0.000,  0.000
1440,陈芳语,   0.000,  0.000
1441,USAGii,   0.000,  0.000
1442,    OB,   0.000,  0.000
1443,     Dassnae,   0.000,  0.000
1444, Shang,   0.000,  0.000
1445,李佳思,   0.000,  0.000
1446,  CMCB,   0.000,  0.000
1447,  佛山DJ明仔,   0.000,  0.000
1448,    EasyMind,   0.000,  0.000
1449, PoKeR,   0.000,  0.000
1450,NL不分,   0.000,  0.000
1451,阮以伟,   0.000,  0.000
1452,杜婧荧,   0.000,  0.000
1453,  苑笙,   0.000,  0.000
1454,娄艺潇,   0.000,  0.000
1455,陈鹏杰,   0.000,  0.000
1456, 未来星BRich,   0.000,  0.000
1457, ANNER,   0.000,  0.000
1458,    考拉抱树,   0.000,  0.000
655,    痛仰乐队,   0.000,  0.000
656,    何故乐队,   0.000,  0.000
1461,   LCT,   0.000,  0.000
1462,  Lauv,   0.000,  0.000
1463,  鑫哥,   0.000,  0.000
1464,    大庆小芳,   0.000,  0.000
1465,薛之谦,   0.000,  0.000
1466,  玛雅,   0.000,  0.000
1467,刘家昌,   0.000,  0.000
1468,  秋仁,   0.000,  0.000
665,孙国庆,   0.000,  0.000
1470,徐秉龙,   0.000,  0.000
1471,  二夫,   0.000,  0.000
1472,  BackToBand,   0.000,  0.000
1473,  张希,   0.000,  0.000
1474,    MissMass,   0.000,  0.000
1475,   Rich哈木-,   0.000,  0.000
1476,    KT,   0.000,  0.000
673,  狂奔的萝卜,   0.000,  0.000
1478,塔斯肯,   0.000,  0.000
1077,   JasmineThompson,   0.000,  0.000
1480,李代沫,   0.000,  0.000
1481,    Pianoboy高至豪,   0.000,  0.000
1482,   OliviaOng,   0.000,  0.000
1483,  飞翔,   0.000,  0.000
1484,  痴人,   0.000,  0.000
1485,  Pancakelee,   0.000,  0.000
1486,  汪睿,   0.000,  0.000
683,  Explosicum,   0.000,  0.000
1488,  蒋明,   0.000,  0.000
1489,    太阳部落,   0.000,  0.000
1490,   Flo,   0.000,  0.000
1491,LNYTNZ,   0.000,  0.000
1492,    阿尔达克,   0.000,  0.000
1493,  T-Tone_小T,   0.000,  0.000
1494,  奶昔,   0.000,  0.000
1495,  安神,   0.000,  0.000
1496,    缦珠莎桦,   0.000,  0.000
1497,牛骏峰,   0.000,  0.000
694,    清华大学键盘队,   0.000,  0.000
1499,陈每文,   0.000,  0.000
696,文劲松,   0.000,  0.000
1501,  CheatCodes,   0.000,  0.000
1502,  爽子,   0.000,  0.000
1503,翁梓铭,   0.000,  0.000
1504,妮可酱,   0.000,  0.000
1505,    尤沫Dina,   0.000,  0.000
1506, Thexx,   0.000,  0.000
1507,    森川ちよ,   0.000,  0.000
1508, 黄玠玮ZooeyWonder,   0.000,  0.000
1509,DJAcey,   0.000,  0.000
1510,  风子,   0.000,  0.000
1511,     SanHolo,   0.000,  0.000
1512,    Jokerone,   0.000,  0.000
1513,   SNH,   0.000,  0.000
1514,冯家妹,   0.000,  0.000
1515,Gammer,   0.000,  0.000
1516,CoolCool小飞,   0.000,  0.000
1517,  曹寅,   0.000,  0.000
1518,安苏羽,   0.000,  0.000
1519,  浅蓝,   0.000,  0.000
1520,  齐秦,   0.000,  0.000
1521,    南风（姜海龙）,   0.000,  0.000
1522,陈信喆,   0.000,  0.000
1523,  再循环乐队,   0.000,  0.000
1524,  Lamp,   0.000,  0.000
1525,    祖娅纳惜,   0.000,  0.000
1526,刘瑞琦,   0.000,  0.000
1527,    Saiakoup,   0.000,  0.000
1528,  琪叔,   0.000,  0.000
1529,  韩庚,   0.000,  0.000
1530,  金池,   0.000,  0.000
1531,  宗儒,   0.000,  0.000
1532,刘思涵,   0.000,  0.000
1533,  宇西,   0.000,  0.000
1534,     ReDor锐豆乐队,   0.000,  0.000
1535,张怡诺,   0.000,  0.000
1536,  向日葵乐队,   0.000,  0.000
1537,  小灰,   0.000,  0.000
1538,  秦兽,   0.000,  0.000
1539,  朱婧汐JING,   0.000,  0.000
1540,兔子牙,   0.000,  0.000
1541,习谱予,   0.000,  0.000
1542,   BrunoMars,   0.000,  0.000
1543,  凑诗,   0.000,  0.000
1544,  马丁,   0.000,  0.000
1545,    黑豹乐队,   0.000,  0.000
742, Fumos,   0.000,  0.000
1547,    梦璟SAYA,   0.000,  0.000
1548, Fcyco,   0.000,  0.000
1549,蔡健雅,   0.000,  0.000
1550,黄绮珊,   0.000,  0.000
1551,    邱霖BigL,   0.000,  0.000
1552,    AirJordy,   0.000,  0.000
1553,     RED红八,   0.000,  0.000
1554,    赫和美罗,   0.000,  0.000
1555,    ShowMeTheParty,   0.000,  0.000
752,  二龙湖浩哥,   0.000,  0.000
1557,猫叶叶,   0.000,  0.000
1558,  孙悦,   0.000,  0.000
1559,冯圣雅,   0.000,  0.000
1560,  阿振,   0.000,  0.000
1561,  艾菲,   0.000,  0.000
1562,     OwlCity,   0.000,  0.000
1563,    留声玩具,   0.000,  0.000
1564,丁浩然,   0.000,  0.000
1565,任向东,   0.000,  0.000
1566,    力量之声(VocalForce),   0.000,  0.000
1567,   国风Dom.T,   0.000,  0.000
1568,范世錡,   0.000,  0.000
1569,  小皮,   0.000,  0.000
1570,宋冬野,   0.000,  0.000
1571,DJLayDiMusic,   0.000,  0.000
1572,    重庆孩子,   0.000,  0.000
769,PRCrew,   0.000,  0.000
1574,苏勒亚其其格,   0.000,  0.000
1575,  裘繼戎子千,   0.000,  0.000
1576,  何洁,   0.000,  0.000
1577, Anzar,   0.000,  0.000
1578,  言和,   0.000,  0.000
775, Arman,   0.000,  0.000
1580,徐海俏,   0.000,  0.000
1581,  鬼否,   0.000,  0.000
1582,    人衣大人,   0.000,  0.000
1583,    耳光乐队,   0.000,  0.000
1584,  裂天,   0.000,  0.000
1585,曹方瑞,   0.000,  0.000
1586,    Nightsky,   0.000,  0.000
1587,  李旭,   0.000,  0.000
1588,  Frankmusik,   0.000,  0.000
785, Q.luv,   0.000,  0.000
1590,    机械懒猫,   0.000,  0.000
1591,暖乐团,   0.000,  0.000
1592,  简吟,   0.000,  0.000
1593,   AfraCheng,   0.000,  0.000
1594,李俊毅,   0.000,  0.000
1595,    吉克隽逸,   0.000,  0.000
792, Riyatjan-Muhammat,   0.000,  0.000
1597,  唐宁,   0.000,  0.000
1598,程思佳,   0.000,  0.000
1599,  贰婶,   0.000,  0.000
1600,    塔罗乐团,   0.000,  0.000
1601,谣乐队,   0.000,  0.000
1602,韩沐伯,   0.000,  0.000
1603,潘云峰,   0.000,  0.000
1604,窦佳嫄,   0.000,  0.000
1605,  檀烧,   0.000,  0.000
1606,  riza,   0.000,  0.000
1607,  HangOnTheBox挂在盒子上,   0.000,  0.000
1608,  杨坤,   0.000,  0.000
1609,  白菜,   0.000,  0.000


