418, CyanLpegd, 61.000, 0.000, 0.422, 0.000
532,  DJSoviet, 45.000, 0.000, 0.311, 0.000
1095,     Ezfic, 43.000, 0.000, 0.297, 0.000
 47,     renyi, 33.000, 0.000, 0.228, 0.000
1078, yocho, 29.000, 0.000, 0.200, 0.000
1073,   VectorMachine, 29.000, 0.000, 0.200, 0.000
1275,      前冲, 25.000, 0.000, 0.173, 0.000
1379,    冯佳界, 25.000, 6.000, 0.173, 0.041
520,      AmaO, 24.000, 0.000, 0.166, 0.000
1240,   KIDPUNK, 24.000, 0.000, 0.166, 0.000
1500,   ARSANAL, 23.000, 3.000, 0.159, 0.021
1303,      贝歌, 19.000, 0.000, 0.131, 0.000
453,   EDMarco, 19.000, 9.000, 0.131, 0.062
1260,    坡上村, 19.000, 1.000, 0.131, 0.007
606,     iMoon, 18.000, 0.000, 0.124, 0.000
1259,      Heki, 18.000, 0.000, 0.124, 0.000
140,Ballrockin, 18.000, 0.000, 0.124, 0.000
921,    陆本平, 16.000, 1.000, 0.111, 0.007
445,  斑辣个马, 15.000, 0.000, 0.104, 0.000
701,      Eddd, 15.000, 0.000, 0.104, 0.000
 20,    尧十三, 14.000, 0.000, 0.097, 0.000
1061,    葩姐姐, 14.000, 0.000, 0.097, 0.000
211,  丽江小倩, 14.000, 1.000, 0.097, 0.007
621,    清风至, 14.000, 0.000, 0.097, 0.000
1517,      曹寅, 13.000, 0.000, 0.090, 0.000
1498,    MusikM, 12.000, 1.000, 0.083, 0.007
436,  LogicLoc, 12.000, 0.000, 0.083, 0.000
1025,      老狼, 12.000,29.000, 0.083, 0.200
926,      鲍越, 12.000, 0.000, 0.083, 0.000
 52,     Lonzo, 11.000, 0.000, 0.076, 0.000
209,  Controls, 11.000, 0.000, 0.076, 0.000
502,    千鸟鸟, 11.000, 0.000, 0.076, 0.000
1027,SixPoorGuy, 11.000, 2.000, 0.076, 0.014
395,      泰然, 10.000, 0.000, 0.069, 0.000
899,    陈鸿宇, 10.000, 0.000, 0.069, 0.000
1146,      FyBe, 10.000, 2.000, 0.069, 0.014
1224,     CloudINJoke, 10.000, 1.000, 0.069, 0.007
1196,     Xerls, 10.000, 0.000, 0.069, 0.000
966, YehudiToo, 10.000, 0.000, 0.069, 0.000
663,    茉莉僧, 10.000, 0.000, 0.069, 0.000
1295, REI泠千夜,  9.000, 0.000, 0.062, 0.000
147,Y_xhの柒姬,  9.000, 0.000, 0.062, 0.000
1109,XON,  9.000, 0.000, 0.062, 0.000
 41,    Zhouna,  9.000, 0.000, 0.062, 0.000
260,  秋火林荫,  9.000, 0.000, 0.062, 0.000
311,   拜合提亚bahtiyaraziz,  9.000, 0.000, 0.062, 0.000
1187,     RachelChang,  9.000, 0.000, 0.062, 0.000
335,    雪无影,  9.000, 3.000, 0.062, 0.021
975,  老虎欧巴,  9.000, 0.000, 0.062, 0.000
394,    买辣椒也用券,  9.000, 7.000, 0.062, 0.048
1401,   卡修Rui,  9.000, 9.000, 0.062, 0.062
1174,  懒猫乐队,  9.000, 0.000, 0.062, 0.000
1458,  考拉抱树,  8.000, 0.000, 0.055, 0.000
895,  ChenDjoy,  8.000, 1.000, 0.055, 0.007
1445,    李佳思,  8.000, 0.000, 0.055, 0.000
833,  Akie秋绘,  8.000, 5.000, 0.055, 0.035
880,     Veeos,  8.000, 0.000, 0.055, 0.000
804,醒山工作室,  8.000, 0.000, 0.055, 0.000
801,    DjCore,  8.000, 1.000, 0.055, 0.007
1280,    杨炅翰,  8.000, 2.000, 0.055, 0.014
 81,小白的亚新,  8.000, 0.000, 0.055, 0.000
757,JOE,  8.000, 0.000, 0.055, 0.000
1128,平纱落雁音乐团队,  8.000, 0.000, 0.055, 0.000
842,      么么,  8.000, 0.000, 0.055, 0.000
522,      安浩,  8.000, 0.000, 0.055, 0.000
405,    阿力普,  8.000, 0.000, 0.055, 0.000
924,      曾楠,  8.000, 3.000, 0.055, 0.021
323,nin,  8.000, 0.000, 0.055, 0.000
 44,     Mavericks_Official,  8.000, 0.000, 0.055, 0.000
633,    黄雨篱,  7.000, 2.000, 0.048, 0.014
234,  Yoken_Official,  7.000, 3.000, 0.048, 0.021
1016,   PIKLANS,  7.000, 8.000, 0.048, 0.055
690, 李迦南Doc,  7.000,13.000, 0.048, 0.090
991,    董昱昆,  7.000, 0.000, 0.048, 0.000
1241,      Fran,  7.000, 0.000, 0.048, 0.000
516, GZ,  7.000, 0.000, 0.048, 0.000
198,阿力木江·托合提,  7.000, 0.000, 0.048, 0.000
 84,    王贰浪,  7.000,13.000, 0.048, 0.090
 42,    李潇潇,  7.000, 0.000, 0.048, 0.000
258, FarEastMovement,  7.000, 0.000, 0.048, 0.000
283, Mu,  7.000, 0.000, 0.048, 0.000
1606,      riza,  7.000, 0.000, 0.048, 0.000
285,Candy_Wind,  7.000, 0.000, 0.048, 0.000
900,  积木立方,  7.000, 2.000, 0.048, 0.014
636,  曾大块儿,  7.000, 0.000, 0.048, 0.000
945,      RCKY,  7.000,20.000, 0.048, 0.138
682,    Anti-General,  7.000,59.000, 0.048, 0.408
998,  白天不亮,  7.000, 6.000, 0.048, 0.041
572,      韩旭,  7.000, 0.000, 0.048, 0.000
1477,      彭青,  7.000, 3.000, 0.048, 0.021
143,      烈雨,  7.000, 6.000, 0.048, 0.041
705,阿良良木健,  6.000, 1.000, 0.041, 0.007
241,    复乐班,  6.000, 0.000, 0.041, 0.000
1038,   MewlanMemtimin买吾兰,  6.000, 0.000, 0.041, 0.000
1370,      a$ce,  6.000, 0.000, 0.041, 0.000
1569,      小皮,  6.000, 0.000, 0.041, 0.000
887,      李粟,  6.000, 0.000, 0.041, 0.000
1430,  蘑菇兄弟,  6.000, 0.000, 0.041, 0.000
263,ZER,  6.000, 0.000, 0.041, 0.000
911,      谦木,  6.000, 0.000, 0.041, 0.000
 13,    徐云霄,  6.000, 1.000, 0.041, 0.007
190,  澄海伯伯,  6.000, 0.000, 0.041, 0.000
1008,      泠风,  6.000, 0.000, 0.041, 0.000
 50,  山竹妹汁,  6.000, 1.000, 0.041, 0.007
167,      EXIA,  6.000, 0.000, 0.041, 0.000
494,      任和,  6.000, 0.000, 0.041, 0.000
411,    薛明媛,  6.000, 0.000, 0.041, 0.000
1345,笛在月明楼,  6.000, 0.000, 0.041, 0.000
340,  Nyaameow,  6.000, 1.000, 0.041, 0.007
773,  初夏小溪,  6.000, 4.000, 0.041, 0.028
1380,  康妮啊啊,  6.000, 0.000, 0.041, 0.000
236,      半梦,  6.000, 0.000, 0.041, 0.000
468,   AniFace,  6.000, 0.000, 0.041, 0.000
999,马里奥赛德,  6.000, 0.000, 0.041, 0.000
410,  百慕三石,  6.000, 0.000, 0.041, 0.000
825,      余枫,  6.000, 0.000, 0.041, 0.000
447,      Sula,  6.000, 0.000, 0.041, 0.000
907,      Shahimerdan麦尔丹,  5.000, 1.000, 0.035, 0.007
1082,  Killazer,  5.000, 9.000, 0.035, 0.062
187,      任升,  5.000, 0.000, 0.035, 0.000
942,  精彩词轩,  5.000, 0.000, 0.035, 0.000
 35,     BlurryCloud,  5.000, 7.000, 0.035, 0.048
685,  Namunong,  5.000, 2.000, 0.035, 0.014
762,      祁汉,  5.000, 0.000, 0.035, 0.000
1567, 国风Dom.T,  5.000, 0.000, 0.035, 0.000
454,    叶洛洛,  5.000, 0.000, 0.035, 0.000
1056, SkyLights,  5.000, 0.000, 0.035, 0.000
960,    王铮亮,  5.000, 1.000, 0.035, 0.007
 76,  AngryJaR,  5.000,21.000, 0.035, 0.145
1009,  _Stefano,  5.000, 0.000, 0.035, 0.000
1414,   AThree-Arslan,  5.000,11.000, 0.035, 0.076
1090,酷癌KooEye,  5.000, 0.000, 0.035, 0.000
265,      庆庆,  5.000, 0.000, 0.035, 0.000
1194,    季彦霖,  5.000, 0.000, 0.035, 0.000
635, 初初初夏W,  5.000, 0.000, 0.035, 0.000
673,狂奔的萝卜,  5.000, 0.000, 0.035, 0.000
485,     啊晗Britany,  5.000, 0.000, 0.035, 0.000
345,    李惠芹,  5.000, 1.000, 0.035, 0.007
220,    黄榕生,  5.000, 0.000, 0.035, 0.000
1448,  EasyMind,  5.000, 0.000, 0.035, 0.000
1438,    孟慧圆,  5.000, 0.000, 0.035, 0.000
894,      丁乔,  5.000, 0.000, 0.035, 0.000
121,      哦漏,  5.000, 5.000, 0.035, 0.035
728,     漏音器TheLowincher,  5.000, 0.000, 0.035, 0.000
1373,      莫凝,  5.000, 0.000, 0.035, 0.000
656,  何故乐队,  5.000, 0.000, 0.035, 0.000
573,    J-Sleeper性感的拖鞋,  5.000, 7.000, 0.035, 0.048
729,    Koowho,  4.000, 1.000, 0.028, 0.007
256,    高晨薇,  4.000, 0.000, 0.028, 0.000
377,    科尔薇,  4.000, 0.000, 0.028, 0.000
1532,    刘思涵,  4.000, 0.000, 0.028, 0.000
354,    李子阳,  4.000, 0.000, 0.028, 0.000
917,    Mllano,  4.000, 1.000, 0.028, 0.007
1538,      秦兽,  4.000, 0.000, 0.028, 0.000
138,    JINDJs,  4.000, 0.000, 0.028, 0.000
509,    方大同,  4.000,15.000, 0.028, 0.104
1268,    王宇良,  4.000, 1.000, 0.028, 0.007
990,      彭宇,  4.000, 0.000, 0.028, 0.000
 53,  「么凹」,  4.000, 0.000, 0.028, 0.000
1557,    猫叶叶,  4.000, 0.000, 0.028, 0.000
929,      士辉,  4.000, 0.000, 0.028, 0.000
439,暖场小粽子,  4.000, 0.000, 0.028, 0.000
1492,  阿尔达克,  4.000, 0.000, 0.028, 0.000
1208, 昭和三色_,  4.000, 0.000, 0.028, 0.000
564,      寂悸,  4.000, 0.000, 0.028, 0.000
1044,    卡列宁,  4.000, 0.000, 0.028, 0.000
382,    李沫萱,  4.000, 0.000, 0.028, 0.000
267,    吕大叶,  4.000, 1.000, 0.028, 0.007
1339,      赵传,  4.000, 1.000, 0.028, 0.007
1399,      余柯,  4.000, 0.000, 0.028, 0.000
838,      波比,  4.000, 0.000, 0.028, 0.000
828,鲸鱼马戏团,  4.000, 0.000, 0.028, 0.000
 12, DJ,  4.000, 0.000, 0.028, 0.000
1478,    塔斯肯,  4.000, 0.000, 0.028, 0.000
159,  大坏兔子,  4.000, 0.000, 0.028, 0.000
1092,      白亮,  4.000, 0.000, 0.028, 0.000
746,  FACEV?ID,  4.000, 0.000, 0.028, 0.000
688,Y.A,  4.000, 0.000, 0.028, 0.000
542,    库亦晨,  4.000, 0.000, 0.028, 0.000
1459,    孟庭苇,  4.000, 1.000, 0.028, 0.007
192,    紫堂宿,  4.000, 0.000, 0.028, 0.000
142,    Aosaki,  4.000, 0.000, 0.028, 0.000
 82,    刘莱斯,  4.000, 0.000, 0.028, 0.000
1076,    年姐儿,  4.000, 1.000, 0.028, 0.007
727,      千界,  4.000, 0.000, 0.028, 0.000
540,      何山,  4.000, 0.000, 0.028, 0.000
 71,      昙骨,  4.000, 1.000, 0.028, 0.007
1393,      梦寒,  4.000, 0.000, 0.028, 0.000
194, JAEFOREAL,  4.000, 1.000, 0.028, 0.007
 33,    藤乐队,  4.000, 0.000, 0.028, 0.000
1302,     G.G(张思源),  4.000, 0.000, 0.028, 0.000
884,      傅酥,  3.000, 2.000, 0.021, 0.014
178,    GC国丞,  3.000, 4.000, 0.021, 0.028
1363,    韦礼安,  3.000, 0.000, 0.021, 0.000
1119,      荆纯,  3.000, 0.000, 0.021, 0.000
1584,      裂天,  3.000, 0.000, 0.021, 0.000
110,      颜妹,  3.000, 0.000, 0.021, 0.000
126,      贰佰,  3.000, 0.000, 0.021, 0.000
1156,      肯别,  3.000, 0.000, 0.021, 0.000
358,  Marycobi,  3.000, 4.000, 0.021, 0.028
1218,      MRUO,  3.000, 0.000, 0.021, 0.000
365,    暴走蜗牛乐队,  3.000, 0.000, 0.021, 0.000
575,Ray,  3.000, 0.000, 0.021, 0.000
207, ABSDJHONG,  3.000, 0.000, 0.021, 0.000
307,    彭家熙,  3.000, 0.000, 0.021, 0.000
534,     poree,  3.000, 0.000, 0.021, 0.000
811,      秦洋,  3.000, 0.000, 0.021, 0.000
1188,慕斯の小乖,  3.000, 0.000, 0.021, 0.000
909,  万能青年,  3.000, 0.000, 0.021, 0.000
601,    DP龙猪,  3.000, 0.000, 0.021, 0.000
550,    麦子杰,  3.000, 5.000, 0.021, 0.035
864,    焦迈奇,  3.000,10.000, 0.021, 0.069
1468,      秋仁,  3.000, 0.000, 0.021, 0.000
1005,     MattZachary,  3.000, 0.000, 0.021, 0.000
1308,    翁大涵,  3.000, 3.000, 0.021, 0.021
305,      豆心,  3.000, 0.000, 0.021, 0.000
255,  KingStar,  3.000, 4.000, 0.021, 0.028
1258,   cattz?m,  3.000, 0.000, 0.021, 0.000
342,  Biscuits,  3.000, 0.000, 0.021, 0.000
1074,      守麦,  3.000, 5.000, 0.021, 0.035
576,Muo,  3.000, 0.000, 0.021, 0.000
1555,  ShowMeTheParty,  3.000, 0.000, 0.021, 0.000
324,      曲言,  3.000, 0.000, 0.021, 0.000
952,      尹吾,  3.000, 0.000, 0.021, 0.000
1164,      以冬,  3.000, 0.000, 0.021, 0.000
640,      吴越,  3.000, 0.000, 0.021, 0.000
1368,BillySmith,  3.000, 0.000, 0.021, 0.000
717,      周栈,  3.000, 0.000, 0.021, 0.000
179, UZ,  3.000, 0.000, 0.021, 0.000
1473,      张希,  3.000, 0.000, 0.021, 0.000
1273,      七手,  3.000, 1.000, 0.021, 0.007
1475, Rich哈木-,  3.000, 0.000, 0.021, 0.000
796,    Knight,  3.000, 0.000, 0.021, 0.000
865,    邱小龙,  3.000, 0.000, 0.021, 0.000
161,    潘小芬,  3.000, 0.000, 0.021, 0.000
  9,    玄乐队,  3.000, 0.000, 0.021, 0.000
271,     ALow.,  3.000, 0.000, 0.021, 0.000
888,      二嘉,  3.000, 0.000, 0.021, 0.000
579,  CrazyUp!,  3.000, 0.000, 0.021, 0.000
289,唐音工作室,  3.000, 0.000, 0.021, 0.000
568,      曹槽,  3.000, 4.000, 0.021, 0.028
253,    林斜阳,  3.000, 2.000, 0.021, 0.014
1444,     Shang,  3.000, 0.000, 0.021, 0.000
896,   AlimjanTursun,  3.000, 0.000, 0.021, 0.000
770,    卫彬月,  3.000, 0.000, 0.021, 0.000
1427,      张尧,  3.000, 0.000, 0.021, 0.000
1455,    陈鹏杰,  3.000, 0.000, 0.021, 0.000
1479,      弦子,  3.000, 2.000, 0.021, 0.014
738,    康智炜,  3.000, 1.000, 0.021, 0.007
938,   Assen捷,  3.000, 3.000, 0.021, 0.021
1369,      鱼果,  3.000, 0.000, 0.021, 0.000
1476, KT,  3.000, 0.000, 0.021, 0.000
415,    Bikman,  3.000, 0.000, 0.021, 0.000
1195,    许多葵,  3.000, 0.000, 0.021, 0.000
1603,    潘云峰,  3.000, 0.000, 0.021, 0.000
794, impossibleChuck,  3.000, 1.000, 0.021, 0.007
341,     Arcticloudz,  3.000, 2.000, 0.021, 0.014
 43,      晴愔,  3.000, 1.000, 0.021, 0.007
1202,    黄小琥,  3.000, 1.000, 0.021, 0.007
1402,  孛儿只斤·包迪,  3.000, 0.000, 0.021, 0.000
1301,      任东,  3.000, 0.000, 0.021, 0.000
 70,    少年霜,  3.000, 3.000, 0.021, 0.021
1602,    韩沐伯,  3.000, 0.000, 0.021, 0.000
471,    雷智皓,  3.000, 0.000, 0.021, 0.000
816,      AgNo,  3.000, 0.000, 0.021, 0.000
 28,      玄觞,  2.000, 0.000, 0.014, 0.000
106,变奏的梦想,  2.000, 2.000, 0.014, 0.014
932,    姚贝娜,  2.000, 9.000, 0.014, 0.062
912,   BeeXXXX,  2.000, 2.000, 0.014, 0.014
333,    王欣宇,  2.000, 0.000, 0.014, 0.000
1315,YEHAIYAHAN,  2.000, 7.000, 0.014, 0.048
1609,      白菜,  2.000, 0.000, 0.014, 0.000
231,    金玟岐,  2.000,12.000, 0.014, 0.083
734,    MuSikI,  2.000, 0.000, 0.014, 0.000
251,    箱子君,  2.000, 0.000, 0.014, 0.000
1020,     JonyJ,  2.000, 0.000, 0.014, 0.000
115,     牛奶味夹心阿尔卑斯,  2.000, 0.000, 0.014, 0.000
129,   AbdurusulObul,  2.000, 1.000, 0.014, 0.007
381,    ToddLi,  2.000, 0.000, 0.014, 0.000
707,  Ferrison,  2.000, 2.000, 0.014, 0.014
1262,    Nencol,  2.000, 0.000, 0.014, 0.000
1225,    Yae_Angelica,  2.000, 0.000, 0.014, 0.000
785,     Q.luv,  2.000, 0.000, 0.014, 0.000
1129,   GumJ-鸡蛋先生,  2.000, 7.000, 0.014, 0.048
199,   ShahMat,  2.000, 0.000, 0.014, 0.000
428,AvTProject,  2.000, 0.000, 0.014, 0.000
1342,阿颖不说话,  2.000, 2.000, 0.014, 0.014
353,     鸾凤鸣原创音乐团队,  2.000, 0.000, 0.014, 0.000
328,    Lonely,  2.000, 0.000, 0.014, 0.000
882,     Mzoce,  2.000, 0.000, 0.014, 0.000
832,    王梵瑞,  2.000, 0.000, 0.014, 0.000
1436,     Wiwek,  2.000, 0.000, 0.014, 0.000
683,Explosicum,  2.000, 0.000, 0.014, 0.000
885,    知性的小方块,  2.000, 5.000, 0.014, 0.035
547,  ChinaJTA,  2.000, 0.000, 0.014, 0.000
  7,  传琦SAMA,  2.000, 9.000, 0.014, 0.062
525,   DJ-Varc,  2.000, 0.000, 0.014, 0.000
1607, HangOnTheBox挂在盒子上,  2.000, 0.000, 0.014, 0.000
1403,      魏枫,  2.000, 0.000, 0.014, 0.000
777,  茉茉天空,  2.000, 0.000, 0.014, 0.000
150,     V.K克,  2.000, 0.000, 0.014, 0.000
567,      黑羊,  2.000, 0.000, 0.014, 0.000
316,  Kael鹿帆,  2.000, 0.000, 0.014, 0.000
1485,Pancakelee,  2.000, 0.000, 0.014, 0.000
718,    盘大王,  2.000, 0.000, 0.014, 0.000
457,MC-,  2.000, 3.000, 0.014, 0.021
583,      可歆,  2.000, 3.000, 0.014, 0.021
784,   喵酱mio,  2.000, 0.000, 0.014, 0.000
1456,     未来星BRich,  2.000, 0.000, 0.014, 0.000
815,    K.P.R.,  2.000, 0.000, 0.014, 0.000
111,    徐真真,  2.000, 0.000, 0.014, 0.000
362,    毛不易,  2.000,12.000, 0.014, 0.083
1418, BlastWayZ,  2.000, 0.000, 0.014, 0.000
1006,   AndyMei,  2.000, 0.000, 0.014, 0.000
 77,    EdJean,  2.000, 0.000, 0.014, 0.000
363,    丁世光,  2.000, 0.000, 0.014, 0.000
1486,      汪睿,  2.000, 0.000, 0.014, 0.000
670,      顾峰,  2.000, 0.000, 0.014, 0.000
119,      蛋卷,  2.000, 0.000, 0.014, 0.000
320,    谷柏杉,  2.000, 1.000, 0.014, 0.007
1313,F.BING.KAI,  2.000, 0.000, 0.014, 0.000
1355,    马旭东,  2.000, 0.000, 0.014, 0.000
1001,    于嘉萌,  2.000, 0.000, 0.014, 0.000
524,     BloodyWoods,  2.000, 0.000, 0.014, 0.000
1239,      江潮,  2.000, 0.000, 0.014, 0.000
349,    任意门,  2.000, 0.000, 0.014, 0.000
1420,  一棵小葱,  2.000, 0.000, 0.014, 0.000
1007,    李汶峰,  2.000, 0.000, 0.014, 0.000
1384,      潘辰,  2.000, 1.000, 0.014, 0.007
809,RTG,  2.000, 0.000, 0.014, 0.000
1135,    Hanser,  2.000, 0.000, 0.014, 0.000
294,KOH,  2.000, 0.000, 0.014, 0.000
1149,      棱镜,  2.000, 0.000, 0.014, 0.000
 97,      张童,  2.000, 0.000, 0.014, 0.000
610,NoiseHappy,  2.000, 0.000, 0.014, 0.000
940,   Aki阿杰,  2.000, 5.000, 0.014, 0.035
651,     F-FAX,  2.000, 0.000, 0.014, 0.000
1442, OB,  2.000, 0.000, 0.014, 0.000
1031,  H.M.Funk,  2.000, 0.000, 0.014, 0.000
290,    可乐就是力量,  2.000, 0.000, 0.014, 0.000
541,      赵鹏,  2.000, 0.000, 0.014, 0.000
1321,     Carta,  2.000, 0.000, 0.014, 0.000
846,  光速飞行,  2.000, 0.000, 0.014, 0.000
1460,    大龙小龙DLXL,  2.000, 3.000, 0.014, 0.021
922,  CNBALLER,  2.000, 7.000, 0.014, 0.048
585,青春老少年,  2.000, 1.000, 0.014, 0.007
383,  小爱的妈,  2.000, 0.000, 0.014, 0.000
1503,    翁梓铭,  2.000, 0.000, 0.014, 0.000
1416,  茶小姐和熊先生,  2.000, 3.000, 0.014, 0.021
462,流浪的蛙蛙,  2.000, 4.000, 0.014, 0.028
264,    苟瀚中,  2.000, 1.000, 0.014, 0.007
753,  ShitheaD,  2.000, 0.000, 0.014, 0.000
755,HAMY何美延,  2.000, 0.000, 0.014, 0.000
1108,  五音乐队,  2.000, 0.000, 0.014, 0.000
103,    任舒瞳,  2.000, 1.000, 0.014, 0.007
493,    BHTY-R,  2.000, 0.000, 0.014, 0.000
1587,      李旭,  2.000, 0.000, 0.014, 0.000
1096,      Noi!,  2.000, 0.000, 0.014, 0.000
950,    茶季杨,  2.000, 8.000, 0.014, 0.055
386,    祁紫檀,  2.000, 0.000, 0.014, 0.000
824,  ANATOMOD,  2.000, 2.000, 0.014, 0.014
 73,  潜水大象,  2.000, 0.000, 0.014, 0.000
1377,      宋捷,  2.000, 0.000, 0.014, 0.000
1220,      予词,  2.000, 0.000, 0.014, 0.000
1471,      二夫,  2.000, 0.000, 0.014, 0.000
1395,      Xomu,  2.000, 0.000, 0.014, 0.000
1296,洛尘鞅_vvv,  2.000, 0.000, 0.014, 0.000
756,YellowClaw,  2.000, 0.000, 0.014, 0.000
593,    Makino,  2.000, 0.000, 0.014, 0.000
1594,    李俊毅,  2.000, 0.000, 0.014, 0.000
1120,  只有影子,  2.000, 0.000, 0.014, 0.000
 45,HAS,  2.000, 0.000, 0.014, 0.000
686,     Husan,  2.000, 0.000, 0.014, 0.000
1592,      简吟,  2.000, 0.000, 0.014, 0.000
1165,      熊子,  2.000, 0.000, 0.014, 0.000
1394,    陈晓东,  2.000, 0.000, 0.014, 0.000
779, DJ-荣大大,  2.000, 0.000, 0.014, 0.000
1294,      花粥,  2.000, 0.000, 0.014, 0.000
1107,  声体乐团,  2.000, 0.000, 0.014, 0.000
238,Rita黄汐源,  2.000, 1.000, 0.014, 0.007
 51,  U,  2.000, 0.000, 0.014, 0.000
536,      花玲,  2.000, 0.000, 0.014, 0.000
364,王一鸣Iris,  2.000, 1.000, 0.014, 0.007
1071,      農里,  2.000, 0.000, 0.014, 0.000
1026,    姜贰拾,  2.000, 2.000, 0.014, 0.014
1176,    赵泳鑫,  2.000, 0.000, 0.014, 0.000
873,    Nellee,  2.000, 1.000, 0.014, 0.007
213,   TalkboxRocKit,  2.000, 0.000, 0.014, 0.000
563,  兰芽yaya,  2.000, 1.000, 0.014, 0.007
286, Cilantro_killer,  2.000, 0.000, 0.014, 0.000
595,    岑宁儿,  2.000, 0.000, 0.014, 0.000
839,      丁炜,  2.000, 3.000, 0.014, 0.021
1595,  吉克隽逸,  2.000, 0.000, 0.014, 0.000
389,RED,  2.000, 0.000, 0.014, 0.000
1589,    廖佳琳,  2.000, 1.000, 0.014, 0.007
 87,    Anchoe,  2.000, 0.000, 0.014, 0.000
158,    PEATLE,  1.000, 0.000, 0.007, 0.000
1281,   ChocolatePuma,  1.000, 0.000, 0.007, 0.000
979,毛衍七Vava,  1.000, 0.000, 0.007, 0.000
973,    龙梅子,  1.000, 0.000, 0.007, 0.000
459,Sub,  1.000, 0.000, 0.007, 0.000
1322,     豆腐P,  1.000, 0.000, 0.007, 0.000
376,      DJcc,  1.000, 0.000, 0.007, 0.000
810,    XINZHU,  1.000, 0.000, 0.007, 0.000
426,精气神制作,  1.000, 0.000, 0.007, 0.000
 31,    Shawee,  1.000, 6.000, 0.007, 0.041
1049,    蒋敦豪,  1.000, 0.000, 0.007, 0.000
259,    陶峻汐,  1.000, 1.000, 0.007, 0.007
226,      梦灵,  1.000, 0.000, 0.007, 0.000
1556,  警哥组合,  1.000, 1.000, 0.007, 0.007
1079,文颖秋（DJCANDY),  1.000, 0.000, 0.007, 0.000
702,    满文军,  1.000, 1.000, 0.007, 0.007
503,    叶菁菁,  1.000, 0.000, 0.007, 0.000
228,      昼夜,  1.000, 0.000, 0.007, 0.000
1572,  重庆孩子,  1.000, 0.000, 0.007, 0.000
1033,    税子洺,  1.000, 0.000, 0.007, 0.000
460,      南偿,  1.000, 0.000, 0.007, 0.000
1211,    丛铭君,  1.000, 1.000, 0.007, 0.007
104,      W.K.,  1.000, 0.000, 0.007, 0.000
408,    好妹妹,  1.000, 0.000, 0.007, 0.000
1565,    任向东,  1.000, 0.000, 0.007, 0.000
1453,      苑笙,  1.000, 0.000, 0.007, 0.000
1493,T-Tone_小T,  1.000, 0.000, 0.007, 0.000
312,     BNC$BrandNewCohort,  1.000, 0.000, 0.007, 0.000
225,RANA.Queen,  1.000, 0.000, 0.007, 0.000
1507,  森川ちよ,  1.000, 0.000, 0.007, 0.000
127,    谢路昊,  1.000, 0.000, 0.007, 0.000
1022,    末小皮,  1.000, 0.000, 0.007, 0.000
357,    潇梦临,  1.000, 0.000, 0.007, 0.000
620,    Riyo橙,  1.000, 0.000, 0.007, 0.000
1034,    蔡方萌,  1.000, 0.000, 0.007, 0.000
219, 李常超(Lao乾妈),  1.000, 0.000, 0.007, 0.000
 32,   abduwalitohti,  1.000, 0.000, 0.007, 0.000
434,    飘乐队,  1.000, 0.000, 0.007, 0.000
661,    萨顶顶,  1.000, 2.000, 0.007, 0.014
903, 熊猫团PandaBros,  1.000, 0.000, 0.007, 0.000
137, ambernini,  1.000, 0.000, 0.007, 0.000
928, 泠鸢yousa,  1.000, 0.000, 0.007, 0.000
 27,    江南诚,  1.000, 0.000, 0.007, 0.000
 15,    胡艾彤,  1.000, 0.000, 0.007, 0.000
1586,  Nightsky,  1.000, 0.000, 0.007, 0.000
730,      小亨,  1.000, 0.000, 0.007, 0.000
820,      晴天,  1.000, 0.000, 0.007, 0.000
 30,      二凉,  1.000, 0.000, 0.007, 0.000
244,     Calculasian,  1.000, 0.000, 0.007, 0.000
649,      二文,  1.000, 0.000, 0.007, 0.000
1553,   RED红八,  1.000, 0.000, 0.007, 0.000
248,      秦岚,  1.000, 0.000, 0.007, 0.000
549,    蒋瑶佳,  1.000, 1.000, 0.007, 0.007
 48,      EDEN,  1.000, 0.000, 0.007, 0.000
1105,      井宿,  1.000, 0.000, 0.007, 0.000
629,    JiessieZhang,  1.000, 0.000, 0.007, 0.000
1021,    雷诺儿,  1.000, 0.000, 0.007, 0.000
769,    PRCrew,  1.000, 0.000, 0.007, 0.000
155,    董雪婷,  1.000, 0.000, 0.007, 0.000
356,      涵昱,  1.000, 0.000, 0.007, 0.000
 55,  Hope组合,  1.000, 0.000, 0.007, 0.000
456,    单海锋,  1.000, 0.000, 0.007, 0.000
1062,ANU,  1.000, 0.000, 0.007, 0.000
1114,RA,  1.000, 0.000, 0.007, 0.000
613,    庙乐队,  1.000, 1.000, 0.007, 0.007
1215,   西瓜JUN,  1.000,11.000, 0.007, 0.076
1116,      甲雍,  1.000, 0.000, 0.007, 0.000
754,    蒋道理,  1.000, 0.000, 0.007, 0.000
643,   Brila_L,  1.000, 0.000, 0.007, 0.000
1032,    六甲番,  1.000, 2.000, 0.007, 0.014
417,ICE,  1.000, 0.000, 0.007, 0.000
1374,  verahuuu,  1.000, 0.000, 0.007, 0.000
1047,      乔军,  1.000, 0.000, 0.007, 0.000
470,   Odoriin,  1.000, 0.000, 0.007, 0.000
 19,    燃烧青春乐队,  1.000, 0.000, 0.007, 0.000
1126,      汪源,  1.000, 0.000, 0.007, 0.000
1152,    胡碧乔,  1.000, 0.000, 0.007, 0.000
425, Lu,  1.000, 0.000, 0.007, 0.000
1480,    李代沫,  1.000, 0.000, 0.007, 0.000
878,    拖鞋pd,  1.000, 2.000, 0.007, 0.014
604,狄奥尼索斯,  1.000, 0.000, 0.007, 0.000
1069,    丁芙妮,  1.000, 1.000, 0.007, 0.007
529,    苗田雨,  1.000, 0.000, 0.007, 0.000
279, LuckyMaxx,  1.000, 8.000, 0.007, 0.055
481,   TheWillOnKill,  1.000, 0.000, 0.007, 0.000
1487,  AY楊佬叁,  1.000,24.000, 0.007, 0.166
1136,    优雅的迟到者,  1.000, 0.000, 0.007, 0.000
735, YoungTime,  1.000, 0.000, 0.007, 0.000
760,      WARISJANABDUREHIM,  1.000, 0.000, 0.007, 0.000
1292,    林和夜,  1.000, 0.000, 0.007, 0.000
1593, AfraCheng,  1.000, 0.000, 0.007, 0.000
1544,      马丁,  1.000, 0.000, 0.007, 0.000
476,      杨琨,  1.000, 0.000, 0.007, 0.000
277,     Katana_real,  1.000, 0.000, 0.007, 0.000
1496,  缦珠莎桦,  1.000, 0.000, 0.007, 0.000
1571,    DJLayDiMusic,  1.000, 0.000, 0.007, 0.000
1147,      黑猫,  1.000, 0.000, 0.007, 0.000
1300,    靖佩瑶,  1.000, 0.000, 0.007, 0.000
295,  持枪萝莉,  1.000, 0.000, 0.007, 0.000
346, ChineseFootball,  1.000, 0.000, 0.007, 0.000
648,  东来东往,  1.000, 0.000, 0.007, 0.000
548,      方磊,  1.000, 0.000, 0.007, 0.000
299,  eigenTunes亦听,  1.000, 0.000, 0.007, 0.000
1103,   NOSENSE无感觉,  1.000, 0.000, 0.007, 0.000
1004,    夏子皓,  1.000, 0.000, 0.007, 0.000
1406,    LaidbackLuke,  1.000, 0.000, 0.007, 0.000
1206, NickLopez,  1.000, 0.000, 0.007, 0.000
1283,    活死人,  1.000, 0.000, 0.007, 0.000
607,    牛奶白,  1.000, 0.000, 0.007, 0.000
858,    冉明阳,  1.000, 0.000, 0.007, 0.000
1160,      杨学,  1.000, 0.000, 0.007, 0.000
709,GulgineMollaemet,  1.000, 0.000, 0.007, 0.000
1515,    Gammer,  1.000, 0.000, 0.007, 0.000
108,    赖伟锋,  1.000, 1.000, 0.007, 0.007
409,    DJ宋雨飞已退,  1.000, 0.000, 0.007, 0.000
562,    G.E.M.邓紫棋,  1.000, 0.000, 0.007, 0.000
512,   DJZacco,  1.000, 0.000, 0.007, 0.000
515,      青子,  1.000, 0.000, 0.007, 0.000
1469,    权振东,  1.000, 2.000, 0.007, 0.014
818,    陈壹千,  1.000, 0.000, 0.007, 0.000
1320,    范小蛙,  1.000, 0.000, 0.007, 0.000
216,    Nona_Q,  1.000, 2.000, 0.007, 0.014
1575,裘繼戎子千,  1.000, 0.000, 0.007, 0.000
1123,    NaCl盐,  1.000, 2.000, 0.007, 0.014
521,  浪荡绅士,  1.000, 0.000, 0.007, 0.000
421,    徐大乐,  1.000, 4.000, 0.007, 0.028
 22,      丁于,  1.000, 0.000, 0.007, 0.000
625,与非门乐队,  1.000, 5.000, 0.007, 0.035
1028,   GAI周延,  1.000, 0.000, 0.007, 0.000
274,   LOKEY低调组合,  1.000, 0.000, 0.007, 0.000
627,FOM,  1.000, 0.000, 0.007, 0.000
1533,      宇西,  1.000, 0.000, 0.007, 0.000
1331,    INVADE,  1.000, 0.000, 0.007, 0.000
1130,JayHardway,  1.000, 0.000, 0.007, 0.000
1435,      董昊,  1.000, 0.000, 0.007, 0.000
1336,   $唐老师,  1.000, 0.000, 0.007, 0.000
733,  DahliaRosea(玫瑰博士),  1.000, 0.000, 0.007, 0.000
331,     YUJay,  1.000, 0.000, 0.007, 0.000
233,  冰块先生,  1.000, 4.000, 0.007, 0.028
840,      唐古,  1.000, 0.000, 0.007, 0.000
237,    麦组合,  1.000, 0.000, 0.007, 0.000
337,    杨晓川,  1.000, 0.000, 0.007, 0.000
1068,  only胡迪,  1.000, 0.000, 0.007, 0.000
1421, 圈,  1.000, 0.000, 0.007, 0.000
843,    松果日记乐队,  1.000, 0.000, 0.007, 0.000
1546,    丁少华,  1.000, 2.000, 0.007, 0.014
1046,    林小尤Simona,  1.000, 0.000, 0.007, 0.000
293,  炁体源流,  1.000, 0.000, 0.007, 0.000
1248,    廖效浓,  1.000,13.000, 0.007, 0.090
647,     非樂原创音乐工作室,  1.000, 0.000, 0.007, 0.000
748,      王愚,  1.000, 0.000, 0.007, 0.000
1551,  邱霖BigL,  1.000, 0.000, 0.007, 0.000
298,    范忆堂,  1.000, 0.000, 0.007, 0.000
1554,  赫和美罗,  1.000, 0.000, 0.007, 0.000
953,白噪音乐队,  1.000, 3.000, 0.007, 0.021
1055,     KSHMR,  1.000, 0.000, 0.007, 0.000
401,    于子将,  1.000, 0.000, 0.007, 0.000
203,      阿森,  1.000, 0.000, 0.007, 0.000
153,    鲁向卉,  1.000, 2.000, 0.007, 0.014
1359,  HeaMusic,  1.000, 0.000, 0.007, 0.000
657,    羽·泉,  1.000, 0.000, 0.007, 0.000
1310,  YoungMai,  1.000, 0.000, 0.007, 0.000
961,    张拾壹,  1.000, 0.000, 0.007, 0.000
308,    SimorE,  1.000, 0.000, 0.007, 0.000
1088,    蒋雪儿,  1.000, 0.000, 0.007, 0.000
1089, JeamsKing,  1.000, 0.000, 0.007, 0.000
 61,   Kit.Tam,  1.000, 0.000, 0.007, 0.000
413,  音阙诗听,  1.000,19.000, 0.007, 0.131
113,      Danny_AhBoy许佳麟,  1.000, 0.000, 0.007, 0.000
767,    陈小虎,  1.000, 0.000, 0.007, 0.000
1167,GBZ,  1.000, 0.000, 0.007, 0.000
1372,    王继阳,  1.000, 0.000, 0.007, 0.000
 67,   TooPhat,  1.000, 0.000, 0.007, 0.000
1474,  MissMass,  1.000, 0.000, 0.007, 0.000
370,Ramila_Rozimamat,  1.000, 1.000, 0.007, 0.007
172     ProgressiveDigitalStation,  1.000, 0.000, 0.007, 0.000
423,   promema,  1.000, 0.000, 0.007, 0.000
675,    瓶中怪,  1.000, 1.000, 0.007, 0.007
776,    诱导社,  1.000, 0.000, 0.007, 0.000
173,    雷雨心,  1.000, 0.000, 0.007, 0.000
1405,      冬子,  1.000, 0.000, 0.007, 0.000
1382,NPC,  1.000, 0.000, 0.007, 0.000
1383,     SAM努尔夏提,  1.000, 5.000, 0.007, 0.035
1183,     Elfar,  1.000, 0.000, 0.007, 0.000
681,     ETAGI,  1.000, 4.000, 0.007, 0.028
984,  兰眼睛女子乐团,  1.000, 0.000, 0.007, 0.000
282,     uncle,  1.000, 0.000, 0.007, 0.000
684,    小青龙,  1.000, 0.000, 0.007, 0.000
183,    oNEwAY,  1.000, 0.000, 0.007, 0.000
135,      Pink,  1.000, 0.000, 0.007, 0.000
1341,      源君,  1.000, 0.000, 0.007, 0.000
1392,    何玉林,  1.000, 0.000, 0.007, 0.000
464,   龚子婕JessieG,  1.000, 1.000, 0.007, 0.007
 39,人行道乐队,  1.000, 0.000, 0.007, 0.000
1596,      许飞,  1.000, 3.000, 0.007, 0.021
994,  新疆群星,  1.000, 0.000, 0.007, 0.000
996,莫爱河往生,  1.000, 0.000, 0.007, 0.000
1397,    刘增瞳,  1.000, 1.000, 0.007, 0.007
897, Easion_Ng,  1.000, 0.000, 0.007, 0.000
546,      GumJ,  1.000, 0.000, 0.007, 0.000
 95,      旦旦,  1.000, 0.000, 0.007, 0.000
196,    魏雪漫,  1.000, 2.000, 0.007, 0.014
1101,永彬Ryan.B,  1.000, 0.000, 0.007, 0.000
1203,   ElectronicDanceMusic,  1.000, 0.000, 0.007, 0.000
901,  卡斯Kas$,  1.000, 0.000, 0.007, 0.000
1153,      伊晗,  1.000, 0.000, 0.007, 0.000
527,  风见学园蔚蓝组,  1.000, 0.000, 0.007, 0.000
202,  新乐尘符,  1.000, 1.000, 0.007, 0.007
803,    潘雨轩,  1.000, 0.000, 0.007, 0.000
654,    残泪杰,  1.000, 0.000, 0.007, 0.000
455,      宫俊,  1.000, 0.000, 0.007, 0.000
580,      陈斐,  1.000, 0.000, 0.007, 0.000
1111,    穿越君,  1.000, 0.000, 0.007, 0.000
1537,      小灰,  1.000, 0.000, 0.007, 0.000
1590,  机械懒猫,  1.000, 0.000, 0.007, 0.000
1388,    Redkey,  1.000, 0.000, 0.007, 0.000
1065,     YonderVoice,  1.000, 0.000, 0.007, 0.000
1316,      朱强,  1.000, 0.000, 0.007, 0.000
1217,    大张伟,  1.000, 4.000, 0.007, 0.028
616,   Winky诗,  1.000, 4.000, 0.007, 0.028
1219,熊猫眼乐队,  1.000, 0.000, 0.007, 0.000
743,    白静晨,  1.000, 0.000, 0.007, 0.000
1573,     畸形儿-DeformedBoi,  1.000, 1.000, 0.007, 0.007
971, Tacke竹桑,  1.000, 5.000, 0.007, 0.035
1324,    谢容儿,  1.000, 0.000, 0.007, 0.000
722,    刘嘉亮,  1.000, 0.000, 0.007, 0.000
876,    林如韵,  1.000, 0.000, 0.007, 0.000
222,    郑建鹏,  1.000, 0.000, 0.007, 0.000
1429,    木紫紫,  1.000, 0.000, 0.007, 0.000
951,    李瑨瑶,  1.000, 0.000, 0.007, 0.000
499,  牛奶咖啡,  1.000, 0.000, 0.007, 0.000
1043,      李智,  1.000, 0.000, 0.007, 0.000
1282,    小sa神,  1.000, 0.000, 0.007, 0.000
680,      伞妹,  1.000, 0.000, 0.007, 0.000
781,    秦万民,  1.000, 0.000, 0.007, 0.000
982,      虎二,  1.000, 0.000, 0.007, 0.000
392,    TheGlitchMob,  1.000, 0.000, 0.007, 0.000
1186, 推,  1.000, 0.000, 0.007, 0.000
886,  暮色绽放,  1.000, 0.000, 0.007, 0.000
1087,    陈硕子,  1.000, 3.000, 0.007, 0.021
1340, To,  1.000, 0.000, 0.007, 0.000
939,    Yileen,  1.000, 0.000, 0.007, 0.000
539,      洪辰,  1.000, 0.000, 0.007, 0.000
664,  ariadeng,  1.000, 0.000, 0.007, 0.000
641,    白举纲,  1.000, 0.000, 0.007, 0.000
1243,  儿时玩具,  1.000, 0.000, 0.007, 0.000
693,      阿来,  1.000, 0.000, 0.007, 0.000
 90,    GumNam,  1.000, 0.000, 0.007, 0.000
699,LunaSafari,  1.000, 0.000, 0.007, 0.000
646,  笨笨口琴,  1.000, 0.000, 0.007, 0.000
1451,    阮以伟,  1.000, 0.000, 0.007, 0.000
497,  FADERONE,  1.000, 0.000, 0.007, 0.000
397,    坚持者,  1.000, 0.000, 0.007, 0.000
700,      秋野,  1.000, 0.000, 0.007, 0.000
837,      冰鑫,  1.000, 0.000, 0.007, 0.000
597,  BAHERDINTURSUN,  1.000, 0.000, 0.007, 0.000
1093,INK,  1.000, 0.000, 0.007, 0.000
1559,    冯圣雅,  1.000, 0.000, 0.007, 0.000
252,      高铭,  1.000, 0.000, 0.007, 0.000
1484,      痴人,  1.000, 0.000, 0.007, 0.000
1579,      陆虎,  1.000, 3.000, 0.007, 0.021
870,    TimmyTrumpet,  1.000, 0.000, 0.007, 0.000
1059,      卢焱,  1.000, 0.000, 0.007, 0.000
483,     JasonCasper,  1.000, 0.000, 0.007, 0.000
584,      白宁,  1.000, 0.000, 0.007, 0.000
976,   SHEKHINAH|安娜与陈飙,  1.000, 0.000, 0.007, 0.000
195,   PaRaDSE,  1.000, 0.000, 0.007, 0.000
498,    胡拾梅,  1.000, 0.000, 0.007, 0.000
186,      灰色,  1.000, 0.000, 0.007, 0.000
992,    回音哥,  1.000, 0.000, 0.007, 0.000
590,      念蓁,  1.000, 0.000, 0.007, 0.000
1042,  布衣乐队,  1.000, 7.000, 0.007, 0.048
1198 泠鸢yousaの呆萌忆【管理团队】,  1.000, 0.000, 0.007, 0.000
270,    范炜与程渤智,  1.000, 0.000, 0.007, 0.000
569,   HAO付豪,  1.000, 4.000, 0.007, 0.028
170,      杨多,  1.000, 0.000, 0.007, 0.000
373,    ElleQu,  1.000, 0.000, 0.007, 0.000
396,    京脸儿,  1.000, 0.000, 0.007, 0.000
747,  满汉全席,  1.000, 0.000, 0.007, 0.000
997,  ReturnTheTruth,  1.000, 0.000, 0.007, 0.000
372,   kidult.,  1.000, 0.000, 0.007, 0.000
1494,      奶昔,  1.000, 0.000, 0.007, 0.000
1181,     魔幻之声口琴重奏团,  1.000, 0.000, 0.007, 0.000
780,      Owen,  1.000, 0.000, 0.007, 0.000
908,   DeeShne,  1.000, 2.000, 0.007, 0.014
696,    文劲松,  1.000, 0.000, 0.007, 0.000
1450,    NL不分,  1.000, 0.000, 0.007, 0.000
1367,     孟大C,  1.000, 0.000, 0.007, 0.000
841,      安然,  1.000, 0.000, 0.007, 0.000
669,  爱朵女孩,  1.000, 0.000, 0.007, 0.000
697,    曾一鸣,  1.000, 1.000, 0.007, 0.007
1272,  深蓝儿童,  1.000, 0.000, 0.007, 0.000
589,    朱星杰,  1.000, 0.000, 0.007, 0.000
598,    夏凌兮,  1.000, 1.000, 0.007, 0.007
889,    桃十五,  1.000, 0.000, 0.007, 0.000
1098,      沈波,  1.000, 0.000, 0.007, 0.000
1200, XjMiracle,  1.000, 0.000, 0.007, 0.000
1205,    MisTer说唱团,  1.000, 1.000, 0.007, 0.007
388,    陈致逸,  1.000, 4.000, 0.007, 0.028
1266,ANK,  1.000, 0.000, 0.007, 0.000
 56,      阿兰,  0.000, 0.000, 0.000, 0.000
206,    钟立风,  0.000, 2.000, 0.000, 0.014
558,      谣君,  0.000, 3.000, 0.000, 0.021
 17,      Thud,  0.000, 0.000, 0.000, 0.000
431,      王筝,  0.000, 1.000, 0.000, 0.007
306,    依兴驰,  0.000, 6.000, 0.000, 0.041
544,      丁薇,  0.000, 0.000, 0.000, 0.000
433,发条卡目索,  0.000, 0.000, 0.000, 0.000
318,      EasyRider逍遥骑士,  0.000, 0.000, 0.000, 0.000
151,    林宥嘉,  0.000, 0.000, 0.000, 0.000
545,    崔子格,  0.000, 4.000, 0.000, 0.028
608,      胶壳,  0.000, 0.000, 0.000, 0.000
  4,    ゆう十,  0.000, 0.000, 0.000, 0.000
452,      渔圈,  0.000, 0.000, 0.000, 0.000
  2,      郭顶,  0.000,26.000, 0.000, 0.180
 75,      霍尊,  0.000, 7.000, 0.000, 0.048
507,BEJ,  0.000, 0.000, 0.000, 0.000
678,    弗雷德乐队FD,  0.000, 1.000, 0.000, 0.007
 59,      王麟,  0.000, 1.000, 0.000, 0.007
427,    汪定中,  0.000, 0.000, 0.000, 0.000
467,    周子琰,  0.000,10.000, 0.000, 0.069
668,    尹姝贻,  0.000, 0.000, 0.000, 0.000
519,    平井大,  0.000, 0.000, 0.000, 0.000
419,  温莎森林,  0.000, 1.000, 0.000, 0.007
334,  Cesqeaux,  0.000,10.000, 0.000, 0.069
112,      马頔,  0.000, 1.000, 0.000, 0.007
 10,BowOfAtlas,  0.000, 0.000, 0.000, 0.000
313,      NIKI,  0.000, 0.000, 0.000, 0.000
 25,  嘿！！！,  0.000, 0.000, 0.000, 0.000
577,    MINSTA,  0.000, 1.000, 0.000, 0.007
101,    茶理理,  0.000, 4.000, 0.000, 0.028
461,      莫籽,  0.000, 0.000, 0.000, 0.000
329,    王大毛,  0.000, 0.000, 0.000, 0.000
330,    崔跃文,  0.000, 2.000, 0.000, 0.014
531,  范世坤吉他私塾,  0.000, 0.000, 0.000, 0.000
732,MarianHill,  0.000, 0.000, 0.000, 0.000
432,   HIROOMITOSAKA,  0.000, 0.000, 0.000, 0.000
560,    徐誉滕,  0.000, 0.000, 0.000, 0.000
109,  星球撞树,  0.000, 0.000, 0.000, 0.000
662,    少司命,  0.000, 1.000, 0.000, 0.007
412,    薄彩生,  0.000, 2.000, 0.000, 0.014
 23,    上海交响乐团,  0.000, 1.000, 0.000, 0.007
 65,  Gameface,  0.000, 0.000, 0.000, 0.000
628,      丁爽,  0.000, 0.000, 0.000, 0.000
266,  泥鳅Niko,  0.000, 3.000, 0.000, 0.021
317,青春美少女,  0.000, 0.000, 0.000, 0.000
116,  小旭音乐,  0.000, 0.000, 0.000, 0.000
443,野外合作社,  0.000, 2.000, 0.000, 0.014
745,    黄雅莉,  0.000, 0.000, 0.000, 0.000
232,    蒋大为,  0.000, 0.000, 0.000, 0.000
  8,      吾恩,  0.000, 3.000, 0.000, 0.021
 58,    Miguel,  0.000, 6.000, 0.000, 0.041
712,AxwellΛIngrosso,  0.000, 0.000, 0.000, 0.000
 86,     RAiNBOW计划,  0.000, 2.000, 0.000, 0.014
526,      SeeB,  0.000, 0.000, 0.000, 0.000
 63,    AllieX,  0.000, 4.000, 0.000, 0.028
552,    周汤豪,  0.000, 0.000, 0.000, 0.000
553,      高姗,  0.000, 4.000, 0.000, 0.028
154,  eddy盖奶,  0.000, 3.000, 0.000, 0.021
  3,     D-Lay,  0.000, 1.000, 0.000, 0.007
406,  芙蓉帐暖夜笙歌,  0.000, 1.000, 0.000, 0.007
658,  斯琴塔那,  0.000, 0.000, 0.000, 0.000
659,      张瑶,  0.000, 0.000, 0.000, 0.000
523,    毕书尽,  0.000, 0.000, 0.000, 0.000
449,      单丹,  0.000, 0.000, 0.000, 0.000
561,   Kaskade,  0.000, 0.000, 0.000, 0.000
123,兔裹煎蛋卷,  0.000, 1.000, 0.000, 0.007
250,    猫女林,  0.000, 0.000, 0.000, 0.000
163,    邱有句,  0.000, 5.000, 0.000, 0.035
314,      高赫,  0.000, 0.000, 0.000, 0.000
165,   小艾EYE,  0.000, 1.000, 0.000, 0.007
366,   Diskord,  0.000, 3.000, 0.000, 0.021
619,  安妮朵拉,  0.000, 0.000, 0.000, 0.000
720,    汪苏泷,  0.000, 3.000, 0.000, 0.021
 18,      张蔷,  0.000, 6.000, 0.000, 0.041
 57,  Borgeous,  0.000, 0.000, 0.000, 0.000
611,    李行亮,  0.000, 0.000, 0.000, 0.000
724,      小柯,  0.000, 3.000, 0.000, 0.021
160,      阿杜,  0.000, 2.000, 0.000, 0.014
276,Tonino祖力,  0.000, 3.000, 0.000, 0.021
375,    Alesso,  0.000,19.000, 0.000, 0.131
778,  盘尼西林,  0.000, 0.000, 0.000, 0.000
 26,    王呈章,  0.000, 0.000, 0.000, 0.000
530,  OnlyReal,  0.000, 0.000, 0.000, 0.000
731,     EmilyStyler,  0.000, 0.000, 0.000, 0.000
 79,    RacoonRacoon,  0.000, 0.000, 0.000, 0.000
482,    帝玖管弦乐团,  0.000, 0.000, 0.000, 0.000
184,  废墟乐队,  0.000, 0.000, 0.000, 0.000
723,    王栎鑫,  0.000, 0.000, 0.000, 0.000
359,  热斑乐队,  0.000, 1.000, 0.000, 0.007
185,    月代彩,  0.000, 6.000, 0.000, 0.041
587,     Korpiklaani,  0.000, 0.000, 0.000, 0.000
639,    潘广益,  0.000, 0.000, 0.000, 0.000
338,    王华峰,  0.000, 2.000, 0.000, 0.014
465,      彭琦,  0.000, 0.000, 0.000, 0.000
 40,      程璧,  0.000, 3.000, 0.000, 0.021
793,    艾美琦,  0.000, 0.000, 0.000, 0.000
543,     SAR_H,  0.000, 0.000, 0.000, 0.000
695, 绾绾Akari,  0.000, 1.000, 0.000, 0.007
344,茶凉粉乐队,  0.000, 0.000, 0.000, 0.000
133,      Stwo,  0.000, 0.000, 0.000, 0.000
 46,  Krewella,  0.000, 0.000, 0.000, 0.000
448,  OgreYouAsshole,  0.000, 0.000, 0.000, 0.000
725,   eveningcinema,  0.000, 0.000, 0.000, 0.000
451,    李官卫,  0.000, 1.000, 0.000, 0.007
302,    安悦溪,  0.000, 0.000, 0.000, 0.000
100, LostFrequencies,  0.000, 0.000, 0.000, 0.000
704,  衣湿乐队,  0.000, 4.000, 0.000, 0.028
102,      铁击,  0.000, 0.000, 0.000, 0.000
706, LudovicoEinaudi,  0.000, 0.000, 0.000, 0.000
807,    江一燕,  0.000, 0.000, 0.000, 0.000
708,  杨梓琪呀,  0.000, 0.000, 0.000, 0.000
609,     Leech,  0.000, 0.000, 0.000, 0.000
  6,    茄子蛋,  0.000, 0.000, 0.000, 0.000
309,    余佳运,  0.000,23.000, 0.000, 0.159
812,      吕雯,  0.000, 0.000, 0.000, 0.000
210,  KBShinya,  0.000, 6.000, 0.000, 0.041
514,  欧阳耀莹,  0.000, 0.000, 0.000, 0.000
715,   Beverly,  0.000, 0.000, 0.000, 0.000
615,    AHKEXl,  0.000, 1.000, 0.000, 0.007
215,    薄云天,  0.000, 0.000, 0.000, 0.000
 14,蜡笔大Boom,  0.000, 4.000, 0.000, 0.028
719,    MartinJensen,  0.000, 0.000, 0.000, 0.000
 16,马戏团小丑,  0.000, 1.000, 0.000, 0.007
821,   iimmune,  0.000, 2.000, 0.000, 0.014
321,    阿基耐,  0.000, 0.000, 0.000, 0.000
622,白桦树娃娃,  0.000, 2.000, 0.000, 0.014
422,    廖俊涛,  0.000, 5.000, 0.000, 0.035
 21,    董子健,  0.000, 0.000, 0.000, 0.000
424,    曾之乔,  0.000, 1.000, 0.000, 0.007
827,    尚雯婕,  0.000,29.000, 0.000, 0.200
 24,   TooHigh,  0.000, 2.000, 0.000, 0.014
528,      于湉,  0.000, 0.000, 0.000, 0.000
429,  AnimaOMG,  0.000, 2.000, 0.000, 0.014
831, EdSheeran,  0.000, 0.000, 0.000, 0.000
430,      彭坦,  0.000, 3.000, 0.000, 0.021
 29,  斯琴高丽,  0.000, 3.000, 0.000, 0.021
131,    何大河,  0.000, 3.000, 0.000, 0.021
132,  德勒闹吾,  0.000, 1.000, 0.000, 0.007
736,    郑茜匀,  0.000, 0.000, 0.000, 0.000
235,  脑浊乐队,  0.000, 2.000, 0.000, 0.014
438,    包晗言,  0.000, 0.000, 0.000, 0.000
739, MandoDiao,  0.000, 0.000, 0.000, 0.000
 36,   SaMZIng,  0.000,19.000, 0.000, 0.131
339, TylerWard,  0.000, 0.000, 0.000, 0.000
642,    普映蒙,  0.000, 1.000, 0.000, 0.007
442,    TedJon,  0.000, 1.000, 0.000, 0.007
844,    徐歌阳,  0.000, 1.000, 0.000, 0.007
845,      赵雷,  0.000, 0.000, 0.000, 0.000
645,    Round_,  0.000, 1.000, 0.000, 0.007
822,  显然乐队,  0.000, 0.000, 0.000, 0.000
246,     AkaneXIii茜,  0.000, 1.000, 0.000, 0.007
347,      TYRX,  0.000, 3.000, 0.000, 0.021
 49,    颜小健,  0.000, 0.000, 0.000, 0.000
450,    Octave,  0.000, 0.000, 0.000, 0.000
350,    赵紫骅,  0.000, 0.000, 0.000, 0.000
853,爱乐团王超,  0.000, 0.000, 0.000, 0.000
854,      SwedishHouseMafia,  0.000, 0.000, 0.000, 0.000
152,  莫西子诗,  0.000, 7.000, 0.000, 0.048
806,    郁可唯,  0.000, 1.000, 0.000, 0.007
355,  三藏梵音,  0.000, 0.000, 0.000, 0.000
557,    顽童MJ,  0.000, 0.000, 0.000, 0.000
759,    方迩羲,  0.000, 0.000, 0.000, 0.000
860,  天空乐队,  0.000, 1.000, 0.000, 0.007
861,     LostStories,  0.000, 0.000, 0.000, 0.000
862,    邓文怡,  0.000, 0.000, 0.000, 0.000
863,      燕池,  0.000, 3.000, 0.000, 0.021
513,    苏诗丁,  0.000, 1.000, 0.000, 0.007
463,   Sikdope,  0.000, 0.000, 0.000, 0.000
766,      Tobu,  0.000, 0.000, 0.000, 0.000
 64, 贰贝勒·木森(J-Forest),  0.000, 0.000, 0.000, 0.000
466,      李健,  0.000,13.000, 0.000, 0.090
869,    梅粮新,  0.000, 2.000, 0.000, 0.014
168,  Tritonal,  0.000, 0.000, 0.000, 0.000
 68,    刘珂矣,  0.000, 2.000, 0.000, 0.014
571,Nop,  0.000, 0.000, 0.000, 0.000
371,    莫君倾,  0.000, 0.000, 0.000, 0.000
473,  MuratjanMuxter,  0.000, 2.000, 0.000, 0.014
474,    李玉刚,  0.000, 3.000, 0.000, 0.021
 72,    李霄云,  0.000,10.000, 0.000, 0.069
475,冲击力乐队,  0.000, 0.000, 0.000, 0.000
677,    Tolein,  0.000, 6.000, 0.000, 0.041
879,    过又嘉,  0.000, 0.000, 0.000, 0.000
679,  HOYO-MiX,  0.000, 0.000, 0.000, 0.000
581,     DavidGuetta,  0.000, 0.000, 0.000, 0.000
380,      秦勇,  0.000, 0.000, 0.000, 0.000
582,    powerA,  0.000, 0.000, 0.000, 0.000
 80,      曹翟,  0.000, 2.000, 0.000, 0.014
385,   PNC说唱,  0.000, 2.000, 0.000, 0.014
836,MajorLazer,  0.000, 0.000, 0.000, 0.000
787,Maxone老虎,  0.000, 1.000, 0.000, 0.007
486,      马条,  0.000, 4.000, 0.000, 0.028
287,    Nootag,  0.000, 1.000, 0.000, 0.007
890,MKJ,  0.000, 8.000, 0.000, 0.055
 88,     MyTaN,  0.000, 3.000, 0.000, 0.021
 89, R.,  0.000, 0.000, 0.000, 0.000
893,    脆乐团,  0.000, 0.000, 0.000, 0.000
393,      Rise,  0.000, 0.000, 0.000, 0.000
795,      阿涵,  0.000, 0.000, 0.000, 0.000
 92,   Ace组合,  0.000, 1.000, 0.000, 0.007
 94,    汐音社,  0.000, 3.000, 0.000, 0.021
145,    啤酒车,  0.000, 0.000, 0.000, 0.000
849,樹莓蛋奶酥,  0.000, 1.000, 0.000, 0.007
650,  Herobust,  0.000, 0.000, 0.000, 0.000
501,      异种,  0.000, 0.000, 0.000, 0.000
300,  四季音色,  0.000, 6.000, 0.000, 0.041
 99,    苗小青,  0.000, 0.000, 0.000, 0.000
603,   AdventureClub,  0.000, 0.000, 0.000, 0.000
403,  麻吉弟弟,  0.000, 0.000, 0.000, 0.000
906,    洪雨雷,  0.000, 0.000, 0.000, 0.000
505,    乐正绫,  0.000, 2.000, 0.000, 0.014
808,      可儿,  0.000, 0.000, 0.000, 0.000
  5,      Gary,  0.000, 0.000, 0.000, 0.000
508,    匡桐菲,  0.000, 0.000, 0.000, 0.000
710,黑薄荷乐队,  0.000, 2.000, 0.000, 0.014
510,      刘忻,  0.000, 0.000, 0.000, 0.000
913,    卜小可,  0.000, 1.000, 0.000, 0.007
814,Omi,  0.000, 2.000, 0.000, 0.014
915,   DJSnake,  0.000, 0.000, 0.000, 0.000
916,     Inspirative,  0.000, 0.000, 0.000, 0.000
716,    五条人,  0.000, 4.000, 0.000, 0.028
114,  Zaliva-D,  0.000, 2.000, 0.000, 0.014
819,    萧煌奇,  0.000, 1.000, 0.000, 0.007
920,    杨宗纬,  0.000, 6.000, 0.000, 0.041
117, AK,  0.000, 0.000, 0.000, 0.000
721,      清弄,  0.000, 0.000, 0.000, 0.000
923,      愚青,  0.000, 2.000, 0.000, 0.014
120,    江映蓉,  0.000, 1.000, 0.000, 0.007
925,    UN组合,  0.000, 1.000, 0.000, 0.007
122,      黑峰,  0.000, 0.000, 0.000, 0.000
927,      梵墨,  0.000, 0.000, 0.000, 0.000
124,    崔开潮,  0.000, 1.000, 0.000, 0.007
829,  排骨教主,  0.000, 5.000, 0.000, 0.035
830,      晃儿,  0.000, 0.000, 0.000, 0.000
931,      米线,  0.000, 0.000, 0.000, 0.000
128,  声音玩具,  0.000, 0.000, 0.000, 0.000
933,  摩登兄弟,  0.000, 0.000, 0.000, 0.000
834,    段同愿,  0.000, 3.000, 0.000, 0.021
835,  阿岛先生,  0.000, 3.000, 0.000, 0.021
936,    潘柯夫,  0.000, 0.000, 0.000, 0.000
937,    JuicyJ,  0.000, 0.000, 0.000, 0.000
637,      DYGL,  0.000, 0.000, 0.000, 0.000
336,    艾怡良,  0.000, 0.000, 0.000, 0.000
136,      艾格,  0.000, 0.000, 0.000, 0.000
941,    胡彦斌,  0.000, 7.000, 0.000, 0.048
440,浜崎あゆみ,  0.000, 0.000, 0.000, 0.000
441,      叶蓓,  0.000, 4.000, 0.000, 0.028
944,      阿爆,  0.000, 0.000, 0.000, 0.000
141,      雷佳,  0.000, 0.000, 0.000, 0.000
946,    任家萱,  0.000, 0.000, 0.000, 0.000
947,马小野乐队,  0.000, 1.000, 0.000, 0.007
446,  Fine乐团,  0.000,11.000, 0.000, 0.076
949,    刘明汉,  0.000, 0.000, 0.000, 0.000
850,    才姆措,  0.000, 1.000, 0.000, 0.007
851,    陈浩民,  0.000, 0.000, 0.000, 0.000
852,  良人乐团,  0.000, 1.000, 0.000, 0.007
149,    陈珊妮,  0.000, 0.000, 0.000, 0.000
954,  严玲严莉,  0.000, 0.000, 0.000, 0.000
955, TheFatRat,  0.000, 0.000, 0.000, 0.000
556,    庄心妍,  0.000, 1.000, 0.000, 0.007
957,    黑崎子,  0.000, 0.000, 0.000, 0.000
958,      卫兰,  0.000, 4.000, 0.000, 0.028
859,     DAVIDBORING,  0.000, 0.000, 0.000, 0.000
156,     Ookay,  0.000,13.000, 0.000, 0.090
157,   Fleurie,  0.000, 0.000, 0.000, 0.000
962,      VIVI,  0.000, 0.000, 0.000, 0.000
963,    耀乐团,  0.000, 5.000, 0.000, 0.035
964,    VISUDY,  0.000,14.000, 0.000, 0.097
764,    rising,  0.000, 0.000, 0.000, 0.000
867,    董冬冬,  0.000, 0.000, 0.000, 0.000
164,    Tujamo,  0.000, 0.000, 0.000, 0.000
969,    千月兔,  0.000, 6.000, 0.000, 0.041
166,  DU丢丢丢,  0.000, 2.000, 0.000, 0.014
369,    小红帽,  0.000, 0.000, 0.000, 0.000
872,     Bangz,  0.000,19.000, 0.000, 0.131
169,    张碧晨,  0.000, 2.000, 0.000, 0.014
472,    徐靖博,  0.000, 0.000, 0.000, 0.000
875,      黄征,  0.000, 0.000, 0.000, 0.000
574,      陈粒,  0.000,21.000, 0.000, 0.145
374,    陆陆桑,  0.000, 2.000, 0.000, 0.014
174,   莫安琪AngelMo,  0.000, 0.000, 0.000, 0.000
175,   DillonFrancis,  0.000, 0.000, 0.000, 0.000
176,    魏小也,  0.000, 0.000, 0.000, 0.000
177,    聚来提,  0.000, 0.000, 0.000, 0.000
480,  JV陈政文,  0.000, 0.000, 0.000, 0.000
883,    阎奕格,  0.000, 0.000, 0.000, 0.000
180,  Ofenbach,  0.000, 0.000, 0.000, 0.000
181,  九宝乐队,  0.000, 4.000, 0.000, 0.028
586,      曹秦,  0.000, 3.000, 0.000, 0.021
 83,  零点乐队,  0.000, 1.000, 0.000, 0.007
988,    BRGang,  0.000, 4.000, 0.000, 0.028
989,      爱戴,  0.000, 0.000, 0.000, 0.000
387,      OVDS,  0.000, 0.000, 0.000, 0.000
489,      阿杰,  0.000, 1.000, 0.000, 0.007
189,     MLK麋鹿王国,  0.000, 1.000, 0.000, 0.007
993,    李蚊香,  0.000, 4.000, 0.000, 0.028
592,  BettyWho,  0.000, 0.000, 0.000, 0.000
 91,      慕寒,  0.000, 8.000, 0.000, 0.055
594,      大哲,  0.000, 0.000, 0.000, 0.000
797,LosCrasher,  0.000, 0.000, 0.000, 0.000
898,     Axero,  0.000, 0.000, 0.000, 0.000
296,      姚雪,  0.000, 0.000, 0.000, 0.000
146,     J.Fla,  0.000, 0.000, 0.000, 0.000
 98,电鸟个灯泡,  0.000, 7.000, 0.000, 0.048
500,      NOTD,  0.000, 0.000, 0.000, 0.000
400,    吴克群,  0.000, 2.000, 0.000, 0.014
904,   Flosstradamus,  0.000,12.000, 0.000, 0.083
905,KatieGoestoTokyo,  0.000, 0.000, 0.000, 0.000
  1,      羽肿,  0.000, 9.000, 0.000, 0.062
605,      沈曼,  0.000, 0.000, 0.000, 0.000
204,  熊熊作业,  0.000, 1.000, 0.000, 0.007
105, DJ,  0.000, 0.000, 0.000, 0.000
1010,  小雨乐队,  0.000, 1.000, 0.000, 0.007
1011,      赵鑫,  0.000, 0.000, 0.000, 0.000
208,    Worezh,  0.000, 2.000, 0.000, 0.014
1013,      苏阳,  0.000, 3.000, 0.000, 0.021
1014,    Prismo,  0.000, 0.000, 0.000, 0.000
1015,    蔡徐坤,  0.000, 0.000, 0.000, 0.000
212,    BingoPlayers,  0.000, 0.000, 0.000, 0.000
1017,     -ever,  0.000, 0.000, 0.000, 0.000
214,    王珮瑜,  0.000, 1.000, 0.000, 0.007
1019,    任路加,  0.000, 1.000, 0.000, 0.007
618,      一盛,  0.000, 2.000, 0.000, 0.014
217,    段丽阳,  0.000, 0.000, 0.000, 0.000
218,      杨烁,  0.000, 0.000, 0.000, 0.000
1023,    腾格尔,  0.000, 0.000, 0.000, 0.000
1024,    栗先达,  0.000, 6.000, 0.000, 0.041
221,  北树乐队,  0.000, 1.000, 0.000, 0.007
624,      吴琼,  0.000, 0.000, 0.000, 0.000
826,   MIC男团,  0.000, 1.000, 0.000, 0.007
224,  雲道娱乐,  0.000, 4.000, 0.000, 0.028
1029,  左安西西,  0.000, 0.000, 0.000, 0.000
930,      魏晨,  0.000, 1.000, 0.000, 0.007
227,  逃跑计划,  0.000, 0.000, 0.000, 0.000
630,JamesBlunt,  0.000, 0.000, 0.000, 0.000
229, Habstrakt,  0.000, 0.000, 0.000, 0.000
230,      胡灵,  0.000, 0.000, 0.000, 0.000
533,    新香水,  0.000, 0.000, 0.000, 0.000
1036,  JUSF周存,  0.000, 2.000, 0.000, 0.014
1037,    陈绮贞,  0.000, 0.000, 0.000, 0.000
737,    幻華楽,  0.000, 1.000, 0.000, 0.007
1039,      鹏泊,  0.000, 2.000, 0.000, 0.014
1040,      王上,  0.000, 0.000, 0.000, 0.000
1041,    邱振哲,  0.000, 0.000, 0.000, 0.000
741,    付春霞,  0.000, 0.000, 0.000, 0.000
139,      高夫,  0.000, 0.000, 0.000, 0.000
240,      张杰,  0.000,10.000, 0.000, 0.069
1045,      庞龙,  0.000, 1.000, 0.000, 0.007
242,   王齐铭WatchMe,  0.000, 9.000, 0.000, 0.062
243,    Shaggy,  0.000, 0.000, 0.000, 0.000
847,    吴文煜,  0.000, 0.000, 0.000, 0.000
848,   LGlywww,  0.000, 1.000, 0.000, 0.007
1050,  Dirtcaps,  0.000,11.000, 0.000, 0.076
247,     CasinoDemon,  0.000, 0.000, 0.000, 0.000
1052,    十三妹,  0.000, 0.000, 0.000, 0.000
249,     VOGUE,  0.000, 0.000, 0.000, 0.000
1054,      阿朵,  0.000, 0.000, 0.000, 0.000
653,    苏妙玲,  0.000, 0.000, 0.000, 0.000
554,    旅行团,  0.000, 2.000, 0.000, 0.014
1057,    李佳璐,  0.000, 0.000, 0.000, 0.000
254,  马帮乐队,  0.000, 1.000, 0.000, 0.007
959,    偷喜办,  0.000, 1.000, 0.000, 0.007
1060,    熊天平,  0.000, 0.000, 0.000, 0.000
257,    土不叔叔乐队,  0.000, 1.000, 0.000, 0.007
660,    白白麦,  0.000, 1.000, 0.000, 0.007
1063,  至上励合,  0.000, 0.000, 0.000, 0.000
1064, Ladybeard,  0.000, 0.000, 0.000, 0.000
261,      靳松,  0.000, 0.000, 0.000, 0.000
262,    潘虹樾,  0.000, 0.000, 0.000, 0.000
967,   InfiniteMusic,  0.000, 6.000, 0.000, 0.041
666,展展与罗罗,  0.000, 0.000, 0.000, 0.000
868,Monica不不,  0.000, 1.000, 0.000, 0.007
1070,      珊瑚,  0.000, 0.000, 0.000, 0.000
871,   Hoaprox,  0.000, 0.000, 0.000, 0.000
972,    许魏洲,  0.000, 0.000, 0.000, 0.000
269,  Polymath,  0.000, 2.000, 0.000, 0.014
974, GillChang,  0.000, 0.000, 0.000, 0.000
874,   CocoPop,  0.000, 0.000, 0.000, 0.000
272,    蔡淳佳,  0.000, 1.000, 0.000, 0.007
273,      邵言,  0.000, 1.000, 0.000, 0.007
877,    言吾音,  0.000, 0.000, 0.000, 0.000
275, JesseCook,  0.000, 0.000, 0.000, 0.000
1080,    亚尔肯,  0.000, 2.000, 0.000, 0.014
1081,    马天宇,  0.000, 1.000, 0.000, 0.007
881,    冷冻街,  0.000, 3.000, 0.000, 0.021
983,     PINAR,  0.000, 0.000, 0.000, 0.000
280,      奉枫,  0.000, 0.000, 0.000, 0.000
281,    彭远扬,  0.000, 0.000, 0.000, 0.000
1086,    周笔畅,  0.000, 1.000, 0.000, 0.007
987,  肆囍乐队,  0.000, 4.000, 0.000, 0.028
284,  OmenXIII,  0.000, 5.000, 0.000, 0.035
687,    悬铃木,  0.000, 1.000, 0.000, 0.007
487,     Vacance.ZEN,  0.000, 0.000, 0.000, 0.000
1091,    DJ阿奇,  0.000, 0.000, 0.000, 0.000
892,     Bassjackers,  0.000, 0.000, 0.000, 0.000
691,   何星烁RapStar,  0.000, 2.000, 0.000, 0.014
1094,    琅琊阁,  0.000, 0.000, 0.000, 0.000
291,UmmetOzcan,  0.000, 0.000, 0.000, 0.000
292,   Blaster,  0.000, 0.000, 0.000, 0.000
1097, Orientlic,  0.000, 4.000, 0.000, 0.028
596, CLOUDWANG,  0.000, 0.000, 0.000, 0.000
1099,      二直,  0.000, 2.000, 0.000, 0.014
800,咖啡因乐队,  0.000, 1.000, 0.000, 0.007
600,  Motorama,  0.000, 0.000, 0.000, 0.000
1002,    金培达,  0.000, 0.000, 0.000, 0.000
902,    范星光,  0.000, 0.000, 0.000, 0.000
1104,Sawako碎花,  0.000, 2.000, 0.000, 0.014
201,    郭思达,  0.000, 0.000, 0.000, 0.000
1106,    白小白,  0.000, 0.000, 0.000, 0.000
303,      贰鱼,  0.000, 1.000, 0.000, 0.007
304,    葛八岁,  0.000, 1.000, 0.000, 0.007
205,网易CC直播,  0.000, 1.000, 0.000, 0.007
1110,  喷嘭乐团,  0.000, 0.000, 0.000, 0.000
910,    贾孟昕,  0.000, 0.000, 0.000, 0.000
1112,    小峰峰,  0.000, 2.000, 0.000, 0.014
1113,    FTampa,  0.000, 0.000, 0.000, 0.000
310,    何艺纱,  0.000, 0.000, 0.000, 0.000
1115,  Forkyrie,  0.000, 9.000, 0.000, 0.062
714,    简迷离GEMINI,  0.000, 2.000, 0.000, 0.014
1117,    DABANG,  0.000, 0.000, 0.000, 0.000
1118,InfectedMushroom,  0.000, 0.000, 0.000, 0.000
315,      千坂,  0.000,15.000, 0.000, 0.104
919, Noicybino,  0.000, 8.000, 0.000, 0.055
1121,    徐佳莹,  0.000, 2.000, 0.000, 0.014
1122,    许茹芸,  0.000, 0.000, 0.000, 0.000
319,      黑戒,  0.000, 0.000, 0.000, 0.000
1124    CollisionDreamer冲撞梦想家,  0.000, 1.000, 0.000, 0.007
1125,  海龟先生,  0.000, 0.000, 0.000, 0.000
322,  唐朝乐队,  0.000, 0.000, 0.000, 0.000
1127,    Arston,  0.000, 0.000, 0.000, 0.000
726,    孔令奇,  0.000, 3.000, 0.000, 0.021
325,     Ezzek,  0.000, 1.000, 0.000, 0.007
1030,      周深,  0.000, 0.000, 0.000, 0.000
327,      王杰,  0.000, 3.000, 0.000, 0.021
1132,      甫平,  0.000, 1.000, 0.000, 0.007
1133,    安蕾尔,  0.000, 0.000, 0.000, 0.000
1134,  MC水观音,  0.000, 0.000, 0.000, 0.000
1035,  废埕乐团,  0.000, 0.000, 0.000, 0.000
935,      Rezz,  0.000, 0.000, 0.000, 0.000
1137,  落日飞车,  0.000, 0.000, 0.000, 0.000
1138,      李琦,  0.000, 2.000, 0.000, 0.014
1139,  モーニング娘。,  0.000, 0.000, 0.000, 0.000
1140,      Alok,  0.000, 0.000, 0.000, 0.000
1141,    Audiosoldier,  0.000, 1.000, 0.000, 0.007
1142,    栗川舜,  0.000, 3.000, 0.000, 0.021
 38,    赵大格,  0.000, 0.000, 0.000, 0.000
1144,    MutmeePimdao,  0.000, 0.000, 0.000, 0.000
1145,  M-PHOTOS,  0.000, 5.000, 0.000, 0.035
744,    王嘉尔,  0.000,10.000, 0.000, 0.069
343,      贾昱,  0.000, 0.000, 0.000, 0.000
1148,    Morrie,  0.000, 0.000, 0.000, 0.000
144,    郑子威,  0.000, 1.000, 0.000, 0.007
1150,    [.que]柿本直,  0.000, 0.000, 0.000, 0.000
1151, eliaqsopa,  0.000, 8.000, 0.000, 0.055
348,   Wya乌鸦,  0.000, 1.000, 0.000, 0.007
148,   颜韵Ycy,  0.000, 0.000, 0.000, 0.000
1154,    徐千雅,  0.000, 0.000, 0.000, 0.000
351,      林允,  0.000, 0.000, 0.000, 0.000
352,    张震岳,  0.000, 0.000, 0.000, 0.000
956,    沙宝亮,  0.000, 1.000, 0.000, 0.007
1158,      后弦,  0.000, 5.000, 0.000, 0.035
1159,      蒋欣,  0.000, 0.000, 0.000, 0.000
758,    刘惜君,  0.000, 2.000, 0.000, 0.014
1161,      涓子,  0.000, 0.000, 0.000, 0.000
1162,      朴翔,  0.000, 0.000, 0.000, 0.000
1163,    女孩与机器人,  0.000, 2.000, 0.000, 0.014
360,    朱哲琴,  0.000, 4.000, 0.000, 0.028
361,   re:plus,  0.000, 0.000, 0.000, 0.000
1166,      陈旭,  0.000, 0.000, 0.000, 0.000
1067,     ELYAR-PULAT,  0.000, 1.000, 0.000, 0.007
1168, TheChainsmokers,  0.000, 0.000, 0.000, 0.000
968,蜜蜂少女队,  0.000, 0.000, 0.000, 0.000
1170,  周二下午谁没来,  0.000, 1.000, 0.000, 0.007
367,     丹Sir,  0.000, 0.000, 0.000, 0.000
268,  宮脇詩音,  0.000, 0.000, 0.000, 0.000
1173,     Grams,  0.000, 7.000, 0.000, 0.048
772,  索朗旺姆,  0.000, 0.000, 0.000, 0.000
1175,      王蓉,  0.000, 0.000, 0.000, 0.000
774,      沈庆,  0.000, 8.000, 0.000, 0.055
1177,  万塘路号,  0.000, 1.000, 0.000, 0.007
1178,      Rhab,  0.000, 0.000, 0.000, 0.000
1179,  IRiS七叶,  0.000, 2.000, 0.000, 0.014
1180,   Allfine,  0.000, 4.000, 0.000, 0.028
980,    刘昊霖,  0.000, 8.000, 0.000, 0.055
378,    情词尧,  0.000, 0.000, 0.000, 0.000
 78,  夏天播放,  0.000, 1.000, 0.000, 0.007
1184,     Rapen罗仁麒,  0.000, 0.000, 0.000, 0.000
1185,   Yonetro,  0.000, 2.000, 0.000, 0.014
985,     Soler,  0.000, 0.000, 0.000, 0.000
484,  那吾克热LIL-EM,  0.000, 8.000, 0.000, 0.055
384,      雏葵,  0.000, 5.000, 0.000, 0.035
1189,      MR-X,  0.000, 0.000, 0.000, 0.000
1190,      MERA,  0.000, 0.000, 0.000, 0.000
1191,    陶格斯,  0.000, 0.000, 0.000, 0.000
891,  窒息乐队,  0.000, 0.000, 0.000, 0.000
1193,     JunoReactor,  0.000, 0.000, 0.000, 0.000
390,   Yultron,  0.000, 0.000, 0.000, 0.000
391,    Smooka,  0.000, 0.000, 0.000, 0.000
191,      Deca,  0.000, 0.000, 0.000, 0.000
1197,      孙翔,  0.000, 0.000, 0.000, 0.000
495,    张宇桦,  0.000, 0.000, 0.000, 0.000
1199,   PurpleBattery,  0.000,27.000, 0.000, 0.187
698,    叶雨蒙,  0.000, 0.000, 0.000, 0.000
197,AlanWalker,  0.000, 0.000, 0.000, 0.000
398,不靠谱组合,  0.000, 1.000, 0.000, 0.007
399,  重塑雕像的权利,  0.000, 1.000, 0.000, 0.007
1204,    宁桓宇,  0.000, 0.000, 0.000, 0.000
301,    邱胜翊,  0.000, 0.000, 0.000, 0.000
402,    踏云社,  0.000, 1.000, 0.000, 0.007
1207,      洛萱,  0.000, 0.000, 0.000, 0.000
404,    张三弥,  0.000, 1.000, 0.000, 0.007
1209,    黄国俊,  0.000, 0.000, 0.000, 0.000
1210,      胡夏,  0.000, 2.000, 0.000, 0.014
407,      乔嘉,  0.000, 0.000, 0.000, 0.000
1212,      漆柚,  0.000,10.000, 0.000, 0.069
1213,      光泽,  0.000, 0.000, 0.000, 0.000
1214,     Mason,  0.000, 0.000, 0.000, 0.000
813,      蒋山,  0.000, 2.000, 0.000, 0.014
1216,    文子轩,  0.000, 0.000, 0.000, 0.000
 11,    朱彦安,  0.000, 1.000, 0.000, 0.007
414,      冯言,  0.000, 0.000, 0.000, 0.000
817,     SAFIA,  0.000, 0.000, 0.000, 0.000
416,FromTheRed,  0.000, 0.000, 0.000, 0.000
1221,西原健一郎,  0.000, 0.000, 0.000, 0.000
1222,     Diplo,  0.000, 0.000, 0.000, 0.000
1223,南游记乐队,  0.000, 1.000, 0.000, 0.007
420,  索朗扎西,  0.000, 0.000, 0.000, 0.000
823,      枫叶,  0.000, 0.000, 0.000, 0.000
1226,    纪粹希,  0.000, 1.000, 0.000, 0.007
1227,    尹毓恪,  0.000, 3.000, 0.000, 0.021
1228,      佟妍,  0.000, 1.000, 0.000, 0.007
1229, Blacklist黑名单,  0.000, 2.000, 0.000, 0.014
1230,未完成乐队,  0.000, 1.000, 0.000, 0.007
1231,    刘力扬,  0.000, 0.000, 0.000, 0.000
1232,    周柏豪,  0.000, 3.000, 0.000, 0.021
1233,    董又霖,  0.000, 0.000, 0.000, 0.000
1234,      邓伦,  0.000, 0.000, 0.000, 0.000
1235,      伏仪,  0.000, 2.000, 0.000, 0.014
1236,    冯佳琪,  0.000, 0.000, 0.000, 0.000
1237,      艾热,  0.000, 1.000, 0.000, 0.007
1238,  天堂乐队,  0.000, 1.000, 0.000, 0.007
435,  earlybus,  0.000, 1.000, 0.000, 0.007
 34,  ETC!ETC!,  0.000, 0.000, 0.000, 0.000
437,    歌浴森,  0.000, 1.000, 0.000, 0.007
1242,     Jason王威登,  0.000, 0.000, 0.000, 0.000
1143,      赵钶,  0.000, 2.000, 0.000, 0.014
1244,    谢安琪,  0.000, 3.000, 0.000, 0.021
1245,    鲍元恺,  0.000, 0.000, 0.000, 0.000
1246,  纣王老胡,  0.000, 6.000, 0.000, 0.041
1247,      大泫,  0.000, 0.000, 0.000, 0.000
444,  Zeraphym,  0.000, 7.000, 0.000, 0.048
1249,  封茗囧菌,  0.000, 7.000, 0.000, 0.048
1250, PonySoore,  0.000, 8.000, 0.000, 0.055
1251,    彭佳慧,  0.000, 2.000, 0.000, 0.014
1252,      袁弘,  0.000,15.000, 0.000, 0.104
1253,吆拐和吗子,  0.000, 1.000, 0.000, 0.007
1254,      朴树,  0.000,24.000, 0.000, 0.166
1255, TaikoSuperKicks,  0.000, 0.000, 0.000, 0.000
1256,      平安,  0.000, 2.000, 0.000, 0.014
855,  シャムキャッツ,  0.000, 0.000, 0.000, 0.000
856,    王若琳,  0.000, 0.000, 0.000, 0.000
857,  弘诺方舟,  0.000, 0.000, 0.000, 0.000
 54,  荣子yJan,  0.000, 0.000, 0.000, 0.000
1261,   PSYKHON,  0.000, 3.000, 0.000, 0.021
458,    卢小旭,  0.000, 0.000, 0.000, 0.000
1263,      周玥,  0.000, 4.000, 0.000, 0.028
1264,  青葉市子,  0.000, 0.000, 0.000, 0.000
1265,执纸大魔王,  0.000,11.000, 0.000, 0.076
 60,   Showtek,  0.000, 0.000, 0.000, 0.000
1267, FromYourBalcony,  0.000, 0.000, 0.000, 0.000
866,      郑钧,  0.000, 0.000, 0.000, 0.000
1269,  慕容晓晓,  0.000, 1.000, 0.000, 0.007
1270,    北岛诗,  0.000, 1.000, 0.000, 0.007
1271,    ZOMBIE-CHANG,  0.000, 0.000, 0.000, 0.000
368,    杨嘉松,  0.000, 0.000, 0.000, 0.000
469,    宋马超,  0.000, 0.000, 0.000, 0.000
1274, GalenCrew,  0.000, 0.000, 0.000, 0.000
 69,      惊林,  0.000, 1.000, 0.000, 0.007
1276,   GHASTLY,  0.000, 0.000, 0.000, 0.000
1277,  大贺兄弟,  0.000, 0.000, 0.000, 0.000
1278,    贾盛强,  0.000, 0.000, 0.000, 0.000
1279,      vDJs,  0.000, 2.000, 0.000, 0.014
 74,    黄诗扶,  0.000, 5.000, 0.000, 0.035
477,  蒋亮的声音系统,  0.000, 1.000, 0.000, 0.007
478,    王珞丹,  0.000, 3.000, 0.000, 0.021
479,    梁栋江,  0.000, 3.000, 0.000, 0.021
1284,     OLWIK,  0.000, 2.000, 0.000, 0.014
1285,    谭维维,  0.000, 6.000, 0.000, 0.041
1286,  Vicetone,  0.000, 0.000, 0.000, 0.000
1287,    贺世哲,  0.000, 0.000, 0.000, 0.000
1288,  LoveSong,  0.000, 0.000, 0.000, 0.000
1289,      Jauz,  0.000, 0.000, 0.000, 0.000
1290,      马博,  0.000, 0.000, 0.000, 0.000
 85,    夏璃夜,  0.000, 4.000, 0.000, 0.028
488,     Headhunterz,  0.000,17.000, 0.000, 0.117
1293,    Fuyuki,  0.000, 0.000, 0.000, 0.000
490,  Quintino,  0.000, 0.000, 0.000, 0.000
491,    冯提莫,  0.000,11.000, 0.000, 0.076
492,TheCandleThieves,  0.000, 0.000, 0.000, 0.000
1297,    印子月,  0.000, 0.000, 0.000, 0.000
1298,  驳倒乐队,  0.000, 0.000, 0.000, 0.000
 93,    王童语,  0.000, 0.000, 0.000, 0.000
496,    洛天依,  0.000, 9.000, 0.000, 0.062
1201,      金忻,  0.000, 0.000, 0.000, 0.000
 96,    毛泽少,  0.000, 2.000, 0.000, 0.014
1102,    戴佩妮,  0.000,13.000, 0.000, 0.090
1304,    熊汝霖,  0.000, 1.000, 0.000, 0.007
1305,    CodeWu,  0.000, 0.000, 0.000, 0.000
1306,   moumoon,  0.000, 0.000, 0.000, 0.000
1307,      周蕙,  0.000, 0.000, 0.000, 0.000
504,      浅堤,  0.000, 0.000, 0.000, 0.000
1309,    布瑞吉Bridge,  0.000, 0.000, 0.000, 0.000
506,  OllyMurs,  0.000, 4.000, 0.000, 0.028
1311,      小虫,  0.000, 0.000, 0.000, 0.000
1312,      陈翔,  0.000, 0.000, 0.000, 0.000
107,      姜昕,  0.000, 0.000, 0.000, 0.000
1314,李想Evelyn,  0.000, 6.000, 0.000, 0.041
511,      王闻,  0.000, 0.000, 0.000, 0.000
914,    Faye飞,  0.000, 0.000, 0.000, 0.000
1317,    Evalia,  0.000, 1.000, 0.000, 0.007
1318,    Fi江澈,  0.000,12.000, 0.000, 0.083
1319, situasian张太郎,  0.000, 1.000, 0.000, 0.007
918,  ImmanuEl,  0.000, 0.000, 0.000, 0.000
517,  动力火车,  0.000, 0.000, 0.000, 0.000
518,  音频怪物,  0.000, 9.000, 0.000, 0.062
1323,    江凯文,  0.000, 0.000, 0.000, 0.000
118,      陶喆,  0.000, 4.000, 0.000, 0.028
1325,  左小祖咒,  0.000, 8.000, 0.000, 0.055
1326,      河图,  0.000, 9.000, 0.000, 0.062
1327,      戴荃,  0.000, 0.000, 0.000, 0.000
1328,   COREONE,  0.000, 0.000, 0.000, 0.000
1329,      王强,  0.000, 0.000, 0.000, 0.000
1330,      BING,  0.000, 0.000, 0.000, 0.000
125,     Awich,  0.000, 0.000, 0.000, 0.000
1332,      南无,  0.000, 0.000, 0.000, 0.000
1333,      刘洋,  0.000, 1.000, 0.000, 0.007
1334,    DoAsInfinity,  0.000, 0.000, 0.000, 0.000
1335,  山人乐队,  0.000, 0.000, 0.000, 0.000
130,鲸鱼岛乐队,  0.000, 2.000, 0.000, 0.014
1337,      Ryzu,  0.000, 0.000, 0.000, 0.000
1338,      李志,  0.000,44.000, 0.000, 0.304
535,   OceansWhoLied,  0.000, 1.000, 0.000, 0.007
134,    万晓利,  0.000, 1.000, 0.000, 0.007
537,    TFBOYS,  0.000, 0.000, 0.000, 0.000
538,萧忆情Alex,  0.000, 4.000, 0.000, 0.028
1343,    王三溥,  0.000, 4.000, 0.000, 0.028
1344,  边际自由,  0.000, 0.000, 0.000, 0.000
943,安子与九妹,  0.000, 6.000, 0.000, 0.041
1346,  Steerner,  0.000, 2.000, 0.000, 0.014
1347,    韦星弟,  0.000, 0.000, 0.000, 0.000
1348,    张阳阳,  0.000, 0.000, 0.000, 0.000
1349,      MAKJ,  0.000, 0.000, 0.000, 0.000
948, BreatheCarolina,  0.000, 0.000, 0.000, 0.000
1351,      张渠,  0.000, 0.000, 0.000, 0.000
1352,    Thunse,  0.000, 3.000, 0.000, 0.021
1353,    何璟昕,  0.000, 2.000, 0.000, 0.014
1354,     马子林Broma,  0.000, 2.000, 0.000, 0.014
551,    大主宰乐团TheMaster,  0.000, 0.000, 0.000, 0.000
1356,      SWIN,  0.000, 0.000, 0.000, 0.000
1357,烛鷷大魔王,  0.000, 2.000, 0.000, 0.014
1358,   AOA组合,  0.000, 1.000, 0.000, 0.007
555,  北冈健太,  0.000, 0.000, 0.000, 0.000
1360,    蔡小江,  0.000, 0.000, 0.000, 0.000
1361,     Mario,  0.000, 0.000, 0.000, 0.000
1362,    李上安,  0.000, 8.000, 0.000, 0.055
559,    SeanKingston,  0.000, 0.000, 0.000, 0.000
1364,    柯暮卿,  0.000, 0.000, 0.000, 0.000
1365,    王诗安,  0.000, 0.000, 0.000, 0.000
1366,    倪莫问,  0.000, 0.000, 0.000, 0.000
965,      锦零,  0.000, 5.000, 0.000, 0.035
162,      炸炸,  0.000, 0.000, 0.000, 0.000
565, 新疆SPEAKER说唱,  0.000, 1.000, 0.000, 0.007
566,霹雳布袋戏,  0.000, 0.000, 0.000, 0.000
1371,      李玟,  0.000, 4.000, 0.000, 0.028
970,      破音,  0.000, 0.000, 0.000, 0.000
1172,      二珂,  0.000, 0.000, 0.000, 0.000
570,     Honne,  0.000, 0.000, 0.000, 0.000
1375,  丝绒公路,  0.000, 0.000, 0.000, 0.000
1376,    陈楚生,  0.000,20.000, 0.000, 0.138
171,    RobertFalcon,  0.000, 0.000, 0.000, 0.000
1378,      许嵩,  0.000,15.000, 0.000, 0.104
977,      徐良,  0.000, 3.000, 0.000, 0.021
978,   西奥Sio,  0.000, 8.000, 0.000, 0.055
1381,Lilith乐队,  0.000, 1.000, 0.000, 0.007
578,    王冰洋,  0.000, 0.000, 0.000, 0.000
981,    韩安旭,  0.000, 0.000, 0.000, 0.000
379,    高丽馥,  0.000, 0.000, 0.000, 0.000
1385,    郭欣桐,  0.000, 0.000, 0.000, 0.000
1386,    炎亚纶,  0.000, 0.000, 0.000, 0.000
1387,      阿沁,  0.000, 0.000, 0.000, 0.000
182,    谢天笑,  0.000, 8.000, 0.000, 0.055
1389,    MC九局,  0.000, 0.000, 0.000, 0.000
1390,    AvrilLavigne,  0.000,15.000, 0.000, 0.104
1391,      寇麟,  0.000, 0.000, 0.000, 0.000
588,      邱比,  0.000, 2.000, 0.000, 0.014
1192,      郝云,  0.000, 4.000, 0.000, 0.028
188,    芮甜甜,  0.000, 0.000, 0.000, 0.000
591,Six,  0.000, 0.000, 0.000, 0.000
1396,      武艺,  0.000, 1.000, 0.000, 0.007
995,      梁博,  0.000, 0.000, 0.000, 0.000
1398,  ILLENIUM,  0.000, 0.000, 0.000, 0.000
193,  mAjorHon,  0.000,20.000, 0.000, 0.138
1400,      双笙,  0.000, 0.000, 0.000, 0.000
1100,    AscensionMusicGroup,  0.000, 0.000, 0.000, 0.000
1000,     FabianMazur,  0.000, 0.000, 0.000, 0.000
599,    DE_SCC,  0.000, 1.000, 0.000, 0.007
1404,  龙井说唱,  0.000, 0.000, 0.000, 0.000
1003,    马雨阳,  0.000,18.000, 0.000, 0.124
200,      马潇,  0.000, 0.000, 0.000, 0.000
1407,    郁乐队,  0.000, 1.000, 0.000, 0.007
1408,     杨和苏KeyNG,  0.000, 5.000, 0.000, 0.035
1409,      孙露,  0.000, 0.000, 0.000, 0.000
1410,ForceDefender（坚定捍卫乐队）,  0.000, 0.000, 0.000, 0.000
1411,Liberation,  0.000, 0.000, 0.000, 0.000
1412,    Maroon,  0.000, 0.000, 0.000, 0.000
1413, Dreamtale,  0.000, 0.000, 0.000, 0.000
1012,    闫东炜,  0.000, 8.000, 0.000, 0.055
1415,OO偶像男团,  0.000, 1.000, 0.000, 0.007
612,  HAYA乐团,  0.000, 4.000, 0.000, 0.028
1417,    柯子颜,  0.000, 0.000, 0.000, 0.000
614,    魏新雨,  0.000, 0.000, 0.000, 0.000
1419,ManicSheep,  0.000, 0.000, 0.000, 0.000
1018,      满江,  0.000, 2.000, 0.000, 0.014
617,  一针见喜,  0.000, 1.000, 0.000, 0.007
1422,南方二重唱,  0.000, 0.000, 0.000, 0.000
1423,SevenGurusFamily,  0.000, 1.000, 0.000, 0.007
1424, RichBrian,  0.000, 0.000, 0.000, 0.000
1425,    周云蓬,  0.000, 0.000, 0.000, 0.000
1426,    FerryCorsten,  0.000, 0.000, 0.000, 0.000
623,   NGHTMRE,  0.000,15.000, 0.000, 0.104
1428,  ModernChildren,  0.000, 0.000, 0.000, 0.000
223,  英雄联盟,  0.000, 1.000, 0.000, 0.007
626,    张彵凡,  0.000, 2.000, 0.000, 0.014
1431,    孔兰兰,  0.000, 0.000, 0.000, 0.000
1432,BrunoMajor,  0.000, 0.000, 0.000, 0.000
1433,    王力宏,  0.000,12.000, 0.000, 0.083
1434,     Liars,  0.000, 0.000, 0.000, 0.000
631,喵步小雨中,  0.000, 1.000, 0.000, 0.007
632,    徐海榕,  0.000, 0.000, 0.000, 0.000
1437,    谭佑铭,  0.000, 0.000, 0.000, 0.000
634,南瓜妮歌迷俱乐部,  0.000, 0.000, 0.000, 0.000
1439,     上海彩虹室内合唱团,  0.000,11.000, 0.000, 0.076
1440,    陈芳语,  0.000, 0.000, 0.000, 0.000
1441,    USAGii,  0.000, 0.000, 0.000, 0.000
638, Doris小武,  0.000, 1.000, 0.000, 0.007
1443,   Dassnae,  0.000, 1.000, 0.000, 0.007
 37,    常石磊,  0.000,10.000, 0.000, 0.069
239,    张信哲,  0.000, 0.000, 0.000, 0.000
1446,      CMCB,  0.000, 0.000, 0.000, 0.000
1447,佛山DJ明仔,  0.000, 0.000, 0.000, 0.000
644,      U.TA,  0.000, 0.000, 0.000, 0.000
1449,     PoKeR,  0.000, 0.000, 0.000, 0.000
1048,  GrymeMan,  0.000, 0.000, 0.000, 0.000
245,    王广允,  0.000, 0.000, 0.000, 0.000
1452,    杜婧荧,  0.000, 1.000, 0.000, 0.007
1051, Anonymous,  0.000, 0.000, 0.000, 0.000
1454,    娄艺潇,  0.000, 1.000, 0.000, 0.007
1053,     Curbi,  0.000, 0.000, 0.000, 0.000
652,    张叶蕾,  0.000, 0.000, 0.000, 0.000
1457,     ANNER,  0.000, 0.000, 0.000, 0.000
1257,弹棉花的GG,  0.000, 4.000, 0.000, 0.028
655,  痛仰乐队,  0.000, 6.000, 0.000, 0.041
1058,   盖世Gas,  0.000, 1.000, 0.000, 0.007
1461,LCT,  0.000, 0.000, 0.000, 0.000
1462,      Lauv,  0.000,14.000, 0.000, 0.097
1463,      鑫哥,  0.000, 0.000, 0.000, 0.000
1464,  大庆小芳,  0.000, 0.000, 0.000, 0.000
1465,    薛之谦,  0.000,25.000, 0.000, 0.173
1466,      玛雅,  0.000, 0.000, 0.000, 0.000
1467,    刘家昌,  0.000, 0.000, 0.000, 0.000
1066,    谢春花,  0.000,18.000, 0.000, 0.124
665,    孙国庆,  0.000, 0.000, 0.000, 0.000
1470,    徐秉龙,  0.000, 7.000, 0.000, 0.048
667,      鬼卞,  0.000, 9.000, 0.000, 0.062
1472,BackToBand,  0.000, 1.000, 0.000, 0.007
 66,    杨非同,  0.000, 0.000, 0.000, 0.000
1072,    潘玮柏,  0.000, 2.000, 0.000, 0.014
671,     因可INCHAOS,  0.000, 1.000, 0.000, 0.007
672,  七朵组合,  0.000, 1.000, 0.000, 0.007
1075,     YYKBZ,  0.000, 3.000, 0.000, 0.021
674,    TINGSHIGHUCH,  0.000, 1.000, 0.000, 0.007
1077, JasmineThompson,  0.000, 0.000, 0.000, 0.000
676,    简弘亦,  0.000, 6.000, 0.000, 0.041
1481,  Pianoboy高至豪,  0.000, 1.000, 0.000, 0.007
1482, OliviaOng,  0.000, 0.000, 0.000, 0.000
1483,      飞翔,  0.000, 0.000, 0.000, 0.000
278,     NeverBefore,  0.000, 0.000, 0.000, 0.000
1083,    张过年,  0.000, 1.000, 0.000, 0.007
1084, Soulspeak,  0.000, 6.000, 0.000, 0.041
1085,    李荣浩,  0.000,25.000, 0.000, 0.173
1488,      蒋明,  0.000, 1.000, 0.000, 0.007
1489,  太阳部落,  0.000, 0.000, 0.000, 0.000
1490,Flo,  0.000, 0.000, 0.000, 0.000
1491,    LNYTNZ,  0.000, 0.000, 0.000, 0.000
1291,    IZ乐队,  0.000, 0.000, 0.000, 0.000
689,    Senpai,  0.000, 0.000, 0.000, 0.000
288,    何曼婷,  0.000, 0.000, 0.000, 0.000
1495,      安神,  0.000, 0.000, 0.000, 0.000
692,  RhapsodyofFire,  0.000, 0.000, 0.000, 0.000
1497,    牛骏峰,  0.000, 0.000, 0.000, 0.000
694,  清华大学键盘队,  0.000, 0.000, 0.000, 0.000
1499,    陈每文,  0.000, 0.000, 0.000, 0.000
1299,    刘旭阳,  0.000, 0.000, 0.000, 0.000
1501,CheatCodes,  0.000, 0.000, 0.000, 0.000
1502,      爽子,  0.000, 0.000, 0.000, 0.000
297,      芳蓉,  0.000, 0.000, 0.000, 0.000
1504,    妮可酱,  0.000, 0.000, 0.000, 0.000
1505,  尤沫Dina,  0.000, 1.000, 0.000, 0.007
1506,     Thexx,  0.000, 0.000, 0.000, 0.000
703,     BEAUZ,  0.000, 0.000, 0.000, 0.000
1508,      黄玠玮ZooeyWonder,  0.000, 0.000, 0.000, 0.000
1509,    DJAcey,  0.000, 0.000, 0.000, 0.000
1510,      风子,  0.000, 8.000, 0.000, 0.055
1511,   SanHolo,  0.000, 0.000, 0.000, 0.000
1512,  Jokerone,  0.000, 0.000, 0.000, 0.000
1513,SNH,  0.000, 1.000, 0.000, 0.007
1514,    冯家妹,  0.000, 0.000, 0.000, 0.000
711,   玥霖Gabrielle,  0.000, 7.000, 0.000, 0.048
1516,    CoolCool小飞,  0.000, 0.000, 0.000, 0.000
713,  雪沉乐队,  0.000, 1.000, 0.000, 0.007
1518,    安苏羽,  0.000, 0.000, 0.000, 0.000
1519,      浅蓝,  0.000, 0.000, 0.000, 0.000
1520,      齐秦,  0.000, 2.000, 0.000, 0.014
1521,  南风（姜海龙）,  0.000, 0.000, 0.000, 0.000
1522,    陈信喆,  0.000, 0.000, 0.000, 0.000
1523,再循环乐队,  0.000, 1.000, 0.000, 0.007
1524,      Lamp,  0.000, 0.000, 0.000, 0.000
1525,  祖娅纳惜,  0.000, 1.000, 0.000, 0.007
1526,    刘瑞琦,  0.000, 0.000, 0.000, 0.000
1527,  Saiakoup,  0.000, 4.000, 0.000, 0.028
1528,      琪叔,  0.000, 0.000, 0.000, 0.000
1529,      韩庚,  0.000, 0.000, 0.000, 0.000
1530,      金池,  0.000, 1.000, 0.000, 0.007
1531,      宗儒,  0.000, 0.000, 0.000, 0.000
326,    Datsik,  0.000, 0.000, 0.000, 0.000
1131,  野狼乐队,  0.000, 0.000, 0.000, 0.000
1534,   ReDor锐豆乐队,  0.000, 1.000, 0.000, 0.007
1535,    张怡诺,  0.000, 0.000, 0.000, 0.000
1536,向日葵乐队,  0.000, 2.000, 0.000, 0.014
934,      乔洋,  0.000, 0.000, 0.000, 0.000
332,      汪峰,  0.000, 6.000, 0.000, 0.041
1539,朱婧汐JING,  0.000, 1.000, 0.000, 0.007
1540,    兔子牙,  0.000, 0.000, 0.000, 0.000
1541,    习谱予,  0.000,12.000, 0.000, 0.083
1542, BrunoMars,  0.000, 0.000, 0.000, 0.000
1543,      凑诗,  0.000, 2.000, 0.000, 0.014
740,      孙楠,  0.000, 5.000, 0.000, 0.035
1545,  黑豹乐队,  0.000, 2.000, 0.000, 0.014
742,     Fumos,  0.000, 1.000, 0.000, 0.007
1547,  梦璟SAYA,  0.000, 0.000, 0.000, 0.000
1548,     Fcyco,  0.000,14.000, 0.000, 0.097
1549,    蔡健雅,  0.000,18.000, 0.000, 0.124
1550,    黄绮珊,  0.000, 2.000, 0.000, 0.014
1350, Sleepmakeswaves,  0.000, 0.000, 0.000, 0.000
1552,  AirJordy,  0.000, 3.000, 0.000, 0.021
749,  神马乐团,  0.000, 0.000, 0.000, 0.000
750,      千夜,  0.000, 0.000, 0.000, 0.000
751,    张赫宣,  0.000, 1.000, 0.000, 0.007
752,二龙湖浩哥,  0.000, 0.000, 0.000, 0.000
1155,   曾小Cee,  0.000, 1.000, 0.000, 0.007
1558,      孙悦,  0.000, 2.000, 0.000, 0.014
1157,鹿先森乐队,  0.000, 4.000, 0.000, 0.028
1560,      阿振,  0.000, 0.000, 0.000, 0.000
1561,      艾菲,  0.000, 0.000, 0.000, 0.000
1562,   OwlCity,  0.000, 0.000, 0.000, 0.000
1563,  留声玩具,  0.000, 4.000, 0.000, 0.028
1564,    丁浩然,  0.000, 0.000, 0.000, 0.000
761,    安来宁,  0.000, 3.000, 0.000, 0.021
1566,   力量之声(VocalForce),  0.000, 0.000, 0.000, 0.000
763,      Rhye,  0.000, 0.000, 0.000, 0.000
1568,    范世錡,  0.000, 0.000, 0.000, 0.000
765,  厦门六中合唱团,  0.000, 1.000, 0.000, 0.007
1570,    宋冬野,  0.000,37.000, 0.000, 0.256
1169,  岸部眞明,  0.000, 0.000, 0.000, 0.000
768, DJCarnage,  0.000, 0.000, 0.000, 0.000
1171,      彭雪,  0.000, 0.000, 0.000, 0.000
1574,    苏勒亚其其格,  0.000, 0.000, 0.000, 0.000
771,   ZaleLes,  0.000, 3.000, 0.000, 0.021
1576,      何洁,  0.000, 1.000, 0.000, 0.007
1577,     Anzar,  0.000, 2.000, 0.000, 0.014
1578,      言和,  0.000, 0.000, 0.000, 0.000
775,     Arman,  0.000, 2.000, 0.000, 0.014
1580,    徐海俏,  0.000, 0.000, 0.000, 0.000
1581,      鬼否,  0.000, 4.000, 0.000, 0.028
1582,  人衣大人,  0.000, 1.000, 0.000, 0.007
1583,  耳光乐队,  0.000, 1.000, 0.000, 0.007
1182,   projectlights,  0.000, 0.000, 0.000, 0.000
1585,    曹方瑞,  0.000, 0.000, 0.000, 0.000
782,    Truart,  0.000, 0.000, 0.000, 0.000
783,  ViniVici,  0.000, 0.000, 0.000, 0.000
1588,Frankmusik,  0.000, 0.000, 0.000, 0.000
986,  吉克曲布,  0.000, 0.000, 0.000, 0.000
786,      洪尘,  0.000, 1.000, 0.000, 0.007
1591,    暖乐团,  0.000, 0.000, 0.000, 0.000
788,      高安,  0.000, 0.000, 0.000, 0.000
789,    李慧宇,  0.000, 3.000, 0.000, 0.021
790,    付浩天,  0.000, 0.000, 0.000, 0.000
791,      彭博,  0.000, 0.000, 0.000, 0.000
792,      Riyatjan-Muhammat,  0.000, 2.000, 0.000, 0.014
1597,      唐宁,  0.000, 4.000, 0.000, 0.028
1598,    程思佳,  0.000, 0.000, 0.000, 0.000
1599,      贰婶,  0.000, 6.000, 0.000, 0.041
1600,  塔罗乐团,  0.000, 0.000, 0.000, 0.000
1601,    谣乐队,  0.000, 2.000, 0.000, 0.014
798,      曲艺,  0.000, 0.000, 0.000, 0.000
799,  才让东珠,  0.000, 0.000, 0.000, 0.000
1604,    窦佳嫄,  0.000, 0.000, 0.000, 0.000
1605,      檀烧,  0.000, 2.000, 0.000, 0.014
802,      李晋,  0.000, 1.000, 0.000, 0.007
602,      西楼,  0.000, 0.000, 0.000, 0.000
1608,      杨坤,  0.000, 1.000, 0.000, 0.007
805,      马马,  0.000, 0.000, 0.000, 0.000


